company,vacancy_count,share
ti&m AG,76,0.014
adesso Schweiz AG,71,0.013
Deloitte,56,0.0103
Bank Julius Bär & Co. AG,52,0.0096
ViaSat Antenna Systems SA,49,0.009
Akros AG,44,0.0081
Elca informatique SA,39,0.0072
Stadler Rail Group,39,0.0072
SonarSource SA,38,0.007
RUAG AG,36,0.0066
Eraneos Switzerland AG,34,0.0062
Google,34,0.0062
PRODYNA (Schweiz) AG,32,0.0059
Hitachi Energy AG,30,0.0055
Axept Business Software AG,25,0.0046
Turing,24,0.0044
finnova AG Bankware,24,0.0044
Deloitte AG,23,0.0042
clavis IT ag,23,0.0042
Siemens Schweiz AG,22,0.004
CERN,21,0.0039
Julius Baer,21,0.0039
Banque Cantonale Vaudoise,20,0.0037
Kraken,20,0.0037
BRACK.CH AG,19,0.0035
Banque Lombard Odier & Cie SA,18,0.0033
Experis Switzerland,17,0.0031
Kanton Zürich,17,0.0031
On AG,17,0.0031
Swisscom Digital Technology SA,17,0.0031
"UMB AG, Zweigniederlassung Volketswil",17,0.0031
ITRIS AG,16,0.0029
Nexthink,16,0.0029
isolutions AG,16,0.0029
Amaris Consulting Sàrl,15,0.0028
Auctae Switzerland Sàrl,15,0.0028
Bison Schweiz AG,15,0.0028
Ergon Informatik AG,15,0.0028
Ernst & Young AG,15,0.0028
SBB CFF FFS,15,0.0028
Zürcher Kantonalbank und ihre Tochtergesellschaften,15,0.0028
CodeWay SA,14,0.0026
ELCA Group,14,0.0026
Innovation Process Technology AG,14,0.0026
VZ VermögensZentrum,14,0.0026
CISTEC AG,13,0.0024
EFG Bank AG,13,0.0024
EY (Ernst & Young AG),13,0.0024
Microsoft AI,13,0.0024
UMB AG,13,0.0024
EY,12,0.0022
Expleo Group,12,0.0022
Geberit AG,12,0.0022
KPMG,12,0.0022
LHH,12,0.0022
Metrohm AG,12,0.0022
Twine,12,0.0022
Zühlke Engineering AG,12,0.0022
infomaniak | The Ethical Cloud,12,0.0022
Avaloq Group AG,11,0.002
Digt AG,11,0.002
Inventx AG,11,0.002
ParMag AG,11,0.002
ROLEX,11,0.002
Red Commerce Schweiz GmbH,11,0.002
SIX Group AG,11,0.002
Source Group International GmbH,11,0.002
Swisscom,11,0.002
VF International Sagl,11,0.002
Bank Frick AG,10,0.0018
"Bechtle Schweiz AG, Systemhaus Deutschschweiz",10,0.0018
Coopers Group AG,10,0.0018
Crossing Hurdles,10,0.0018
IT Di-Visions AG,10,0.0018
Ivy Partners,10,0.0018
JobCourier,10,0.0018
NVIDIA,10,0.0018
Open Systems AG,10,0.0018
RM Group (Switzerland),10,0.0018
YO IT Consulting,10,0.0018
untersee AG,10,0.0018
ALTEN,9,0.0017
Business & Decision (Suisse) SA,9,0.0017
CSS,9,0.0017
Daedalean AG,9,0.0017
Deligo DAG AG,9,0.0017
Fincons Group,9,0.0017
Hexagon Robotics,9,0.0017
ITpoint Systems AG,9,0.0017
Informaticon AG,9,0.0017
Kanton Graubünden,9,0.0017
KastGroup GmbH,9,0.0017
Logitech,9,0.0017
Luzerner Kantonsspital,9,0.0017
Migros-Genossenschafts-Bund,9,0.0017
Nexplore AG,9,0.0017
SAP (Schweiz) AG,9,0.0017
Ubique Innovation AG,9,0.0017
Unknown,9,0.0017
VAUDOISE ASSURANCES HOLDING SA,9,0.0017
Vangard AG,9,0.0017
Zürich Versicherungs-Gesellschaft AG / Zurich Insurance Company Ltd / Zurich Compagnie d'Assurances SA,9,0.0017
p3b ag,9,0.0017
swissgrid ag,9,0.0017
AXA Versicherungen AG,8,0.0015
BROMsolutions AG Biel,8,0.0015
Brack.Alltron AG,8,0.0015
Code Compass 🧭,8,0.0015
Comfone AG,8,0.0015
Digital Asset,8,0.0015
EFG International,8,0.0015
Green,8,0.0015
Lombard Odier,8,0.0015
MGI Consultants SA,8,0.0015
Richemont,8,0.0015
SMG Swiss Marketplace Group,8,0.0015
SOCIETE GENERALE Private Banking (Suisse) SA,8,0.0015
"SUISA, Genossenschaft der Urheber und Verleger von Musik",8,0.0015
Securiton AG,8,0.0015
Sumex AG,8,0.0015
Sunrise GmbH,8,0.0015
Transgourmet Schweiz AG,8,0.0015
Zurich Insurance,8,0.0015
redIT Services AG,8,0.0015
univativ Schweiz AG,8,0.0015
Axpo Group,7,0.0013
Banque Pictet & Cie SA,7,0.0013
Bergauer AG,7,0.0013
CSEM,7,0.0013
Centris AG,7,0.0013
DV Bern AG,7,0.0013
Delvitech SA,7,0.0013
EBP Schweiz AG,7,0.0013
EPAM Systems,7,0.0013
ERNI Schweiz AG,7,0.0013
Endress+Hauser,7,0.0013
Ferag AG,7,0.0013
Franke Group,7,0.0013
Hochschule Luzern,7,0.0013
Hochschule Luzern (HSLU),7,0.0013
Hostpoint AG,7,0.0013
Kantonale Verwaltung Zürich,7,0.0013
Keyrock,7,0.0013
LGT,7,0.0013
Nicoll Curtin,7,0.0013
Omnilex,7,0.0013
Proton,7,0.0013
Psychiatrische Universitätsklinik Zürich,7,0.0013
Roche,7,0.0013
Sensirion AG,7,0.0013
Skydio,7,0.0013
Sonar,7,0.0013
SpeedCom (Schweiz) AG,7,0.0013
Swissquote,7,0.0013
TELUS Digital,7,0.0013
Tether.io,7,0.0013
Ärztekasse Genossenschaft,7,0.0013
AO Foundation,6,0.0011
Agoda,6,0.0011
Axians Amanox AG,6,0.0011
BCV - Banque Cantonale Vaudoise,6,0.0011
BOBST MEX SA,6,0.0011
Bedag Informatik AG,6,0.0011
Beyond Gravity Schweiz AG,6,0.0011
Bobst Mex SA,6,0.0011
Cudos AG,6,0.0011
CyOne Security AG,6,0.0011
Dentsply Sirona,6,0.0011
Digitec Galaxus AG,6,0.0011
ERNI,6,0.0011
ETH Zürich,6,0.0011
EYRAitservices SA,6,0.0011
Ellisys SA,6,0.0011
Equans Switzerland Process Automation AG,6,0.0011
Galenica AG,6,0.0011
Galliker Transport AG,6,0.0011
Hamilton Services AG,6,0.0011
Helbling Technik,6,0.0011
Hilti Group,6,0.0011
Hirslanden AG,6,0.0011
Netrics AG,6,0.0011
Noir,6,0.0011
Planzer,6,0.0011
Quatico Solutions AG,6,0.0011
RepRisk,6,0.0011
SQLI,6,0.0011
SR Technics Switzerland AG,6,0.0011
Schweizerische Nationalbank,6,0.0011
Siemens,6,0.0011
Sonceboz Automotive S.A.,6,0.0011
Sonic Suisse SSD,6,0.0011
Sopra Steria,6,0.0011
Sozialversicherungsanstalt des Kantons Zürich SVA,6,0.0011
Speechify,6,0.0011
Swisslinx,6,0.0011
Swissquote Bank SA,6,0.0011
Tecan Schweiz AG,6,0.0011
UPGREAT AG,6,0.0011
VERISIGN,6,0.0011
Vitol,6,0.0011
Winterthur Gas & Diesel AG,6,0.0011
Zühlke Group,6,0.0011
AXA,5,0.0009
Amazon Web Services (AWS),5,0.0009
Ambit Group AG,5,0.0009
Avalect GmbH,5,0.0009
Aveniq AG,5,0.0009
BCG Platinion,5,0.0009
BMK Recruitment,5,0.0009
Bachem AG,5,0.0009
Bank J. Safra Sarasin,5,0.0009
Besi Switzerland AG,5,0.0009
C5I,5,0.0009
CTC Analytics AG,5,0.0009
CTC Resourcing Solutions,5,0.0009
Callista,5,0.0009
Cargill,5,0.0009
Concordia,5,0.0009
EKZ Eltop AG,5,0.0009
Emil Frey Gruppe Schweiz,5,0.0009
Energie Service Biel/Bienne (ESB),5,0.0009
Europartner Consulting GmbH,5,0.0009
Evergreen Human Resources AG,5,0.0009
Fincons Group AG,5,0.0009
"G. et F. Châtelain, succursale de Chanel SARL",5,0.0009
Harmattan AI,5,0.0009
IBM,5,0.0009
InfoGuard AG,5,0.0009
Init7 (Schweiz) AG,5,0.0009
Itecor Suisse SA,5,0.0009
KEMARO AG,5,0.0009
Kanton Basel-Stadt,5,0.0009
LLB - Liechtensteinische Landesbank AG,5,0.0009
Letec IT Solutions AG,5,0.0009
MAZARS SA,5,0.0009
Meanquest,5,0.0009
Merkle,5,0.0009
Michael Bailey Associates,5,0.0009
Microsoft,5,0.0009
Mirabit AG,5,0.0009
NOVA-Industrietechnik AG,5,0.0009
Novartis AG,5,0.0009
Oettinger Davidoff AG,5,0.0009
PQM Consulting AG,5,0.0009
SCOR Services Switzerland AG,5,0.0009
SIGA Services AG,5,0.0009
Scalera AG,5,0.0009
Schweizer Armee - Kommando Cyber Kdo Cy,5,0.0009
Skysec Defence GmbH,5,0.0009
Snyk,5,0.0009
SpeciTec SA,5,0.0009
Stadler,5,0.0009
Swiss Medical Network,5,0.0009
Thermoplan AG,5,0.0009
Thoratec Switzerland GmbH,5,0.0009
Valora Group,5,0.0009
Viseca Payment Services SA,5,0.0009
Visium,5,0.0009
Wavestone,5,0.0009
ZHAW Zürcher Hochschule für Angewandte Wissenschaften,5,0.0009
Zettaplan AG,5,0.0009
addexpert GmbH,5,0.0009
AEW Energie AG,4,0.0007
AGRIDEA Schweizerische Vereinigung für die Entwicklung der Landwirtschaft und des ländlichen Raums,4,0.0007
AMAG Group,4,0.0007
ATSP Schweiz GmbH,4,0.0007
AYES - Management & Technology Consulting,4,0.0007
Abbott AG,4,0.0007
Aequor Consulting GmbH,4,0.0007
Alltitude SA,4,0.0007
Ammann Schweiz AG,4,0.0007
Artefact,4,0.0007
Atlas Copco (Schweiz) AG,4,0.0007
Avictis,4,0.0007
Axpo Gruppe,4,0.0007
BANK-now AG,4,0.0007
BELIMO Automation AG,4,0.0007
BKW Energie AG,4,0.0007
BSgroup Financial Solutions AG,4,0.0007
Bank CIC (Schweiz) AG,4,0.0007
Banque Syz SA,4,0.0007
Baumer Group,4,0.0007
Bechtle,4,0.0007
Bechtle Suisse SA,4,0.0007
Belimed Life Science AG,4,0.0007
Beltronic IT AG,4,0.0007
COOP,4,0.0007
CSL Behring AG,4,0.0007
CWS-boco Suisse SA,4,0.0007
Chestonag Automation AG,4,0.0007
Coders Connect,4,0.0007
Curaden AG,4,0.0007
DXC Technology Switzerland GmbH,4,0.0007
Dentsu International Switzerland AG,4,0.0007
Digital HR Ecosystem GmbH,4,0.0007
ELCA Cloud Services SA,4,0.0007
ELCA Security SA,4,0.0007
Ecorobotix SA,4,0.0007
Ekkiden,4,0.0007
Energy Vault SA,4,0.0007
Equans Switzerland AG,4,0.0007
Eraneos,4,0.0007
Erni Schweiz AG,4,0.0007
FORUM MONDIAL DE L'ECONOMIE,4,0.0007
Finders SA,4,0.0007
G-20 Group,4,0.0007
H55 SA,4,0.0007
HCLTech,4,0.0007
HINT AG,4,0.0007
HOCH Health Ostschweiz,4,0.0007
Hexagon AB,4,0.0007
IT ADVANCED CONSULTING SA,4,0.0007
ITRIS One AG,4,0.0007
Implenia Schweiz AG,4,0.0007
Insel Gruppe,4,0.0007
JOB WATCH SA,4,0.0007
Jörg Lienert AG,4,0.0007
KPMG Switzerland,4,0.0007
Kanadevia Inova,4,0.0007
Klinik Im Hasel AG,4,0.0007
Knowledge Lab AG,4,0.0007
Kudelski S.A.,4,0.0007
Kurath Engineering AG,4,0.0007
LGT Capital Partners AG,4,0.0007
Lambda Health System SA,4,0.0007
Legartis,4,0.0007
LocalBini,4,0.0007
Lombard Odier Group,4,0.0007
Luzerner Kantonalbank,4,0.0007
MTF Solutions AG,4,0.0007
Manexperts (Schweiz) GmbH,4,0.0007
Medacta Italia,4,0.0007
NOVO Business Consultants AG,4,0.0007
Nozomi Networks,4,0.0007
PEAX AG,4,0.0007
PMS SCHÖNENBERGER AG,4,0.0007
PRIME INTERNATIONAL GROUP Sàrl,4,0.0007
Pascal Dietrich Consulting AG,4,0.0007
Performance Consultant SA,4,0.0007
PostFinance,4,0.0007
Qim info,4,0.0007
RJC Group,4,0.0007
Relewant,4,0.0007
Ripple,4,0.0007
SFS Group Schweiz AG,4,0.0007
SIGMALIS Sàrl,4,0.0007
SRG,4,0.0007
SSI Schäfer AG,4,0.0007
SWICA Gesundheitsorganisation,4,0.0007
SkyCell AG,4,0.0007
Skysec Defence,4,0.0007
Sonova AG,4,0.0007
Specialized Bicycle Components,4,0.0007
Stadt Zürich – Organisation und Informatik,4,0.0007
Swiss International Air Lines AG,4,0.0007
Swiss National Bank,4,0.0007
Swiss Re,4,0.0007
SwissPeak Partners,4,0.0007
Swissgrid AG,4,0.0007
Switch,4,0.0007
Sword Group,4,0.0007
T&N Telekom & Netzwerk AG,4,0.0007
TCS Touring Club Schweiz,4,0.0007
Taurus SA,4,0.0007
Teleflex,4,0.0007
Transgourmet/Prodega Schweiz,4,0.0007
UBS,4,0.0007
UNITY Schweiz AG,4,0.0007
Universität Bern,4,0.0007
Universitätsspital Basel,4,0.0007
Valjob,4,0.0007
Varian Medical Systems Imaging Laboratory GmbH,4,0.0007
Wingtra AG,4,0.0007
Ziemer Ophthalmic Systems AG,4,0.0007
Zürcher Kantonalbank,4,0.0007
act digital,4,0.0007
adidas sport gmbh,4,0.0007
at rete ag,4,0.0007
dynamic devices AG,4,0.0007
emineo AG,4,0.0007
esolva ag,4,0.0007
green.ch AG,4,0.0007
itesys AG,4,0.0007
swisspro AG,4,0.0007
ti&m,4,0.0007
uniQconsulting ag,4,0.0007
A. Baggenstos & Co AG,3,0.0006
ABB,3,0.0006
AGILITA,3,0.0006
Abraxas Informatik AG,3,0.0006
Academic Work Switzerland,3,0.0006
Adobe,3,0.0006
Albedis AG,3,0.0006
Artificialy,3,0.0006
Ashby,3,0.0006
Assura,3,0.0006
Aventit AG,3,0.0006
BOBST,3,0.0006
Bell Food Group AG,3,0.0006
Berner Fachhochschule,3,0.0006
Bexio,3,0.0006
Blackroll AG,3,0.0006
Blaser Swisslube AG,3,0.0006
BlueCare AG,3,0.0006
Braintrust,3,0.0006
CH Media Holding AG,3,0.0006
CHUV - Centre Hospitalier Universitaire Vaudois Lausanne,3,0.0006
CIC (Switzerland),3,0.0006
CKW,3,0.0006
Carrosserie HESS AG,3,0.0006
Celerion Switzerland AG,3,0.0006
Centre Patronal,3,0.0006
Climeworks AG,3,0.0006
Cognizant,3,0.0006
Computer Futures,3,0.0006
Convotis,3,0.0006
Crypto Finance AG,3,0.0006
Daco-Systems AG,3,0.0006
Datadog,3,0.0006
Datahouse AG,3,0.0006
Delta Labs AG,3,0.0006
Die Securitas Gruppe,3,0.0006
Digital Architects Zurich GmbH,3,0.0006
EPFL,3,0.0006
Eidg. Nuklearsicherheitsinspektorat,3,0.0006
Eidgenössische Finanzmarktaufsicht (FINMA),3,0.0006
Elastic,3,0.0006
Elektrizitätswerke des Kantons Zürich,3,0.0006
Equans Switzerland Facility Management AG,3,0.0006
Eugster/Frismag AG,3,0.0006
Eversys Digitronics AG,3,0.0006
F24 Schweiz AG,3,0.0006
FIFA,3,0.0006
Fit1Job SA,3,0.0006
Flexion Robotics,3,0.0006
Flexsis AG,3,0.0006
Founderful,3,0.0006
GRITEC AG,3,0.0006
Geberit Schweiz,3,0.0006
Generalsekretariat GS-EDI,3,0.0006
Gramian Consulting,3,0.0006
Graubündner Kantonalbank,3,0.0006
HAEUSLER AG Duggingen,3,0.0006
Hamilton Bonaduz AG,3,0.0006
Health Info Net AG,3,0.0006
Hitachi Energy,3,0.0006
Holcim AG,3,0.0006
Humanis AG,3,0.0006
Hyperio AG,3,0.0006
ICM Image & Concepts Management AG,3,0.0006
IESF AG,3,0.0006
IWB Industrielle Werke Basel,3,0.0006
Idea Creation GmbH,3,0.0006
Infometis,3,0.0006
Intersim AG,3,0.0006
JHC Consulting,3,0.0006
Johnson & Johnson,3,0.0006
Jones Lang LaSalle AG,3,0.0006
KIDAN,3,0.0006
KPT Krankenkasse AG,3,0.0006
Kanadevia Inova AG,3,0.0006
Kanton Appenzell Innerrhoden,3,0.0006
Kanton Basel-Stadt Finanzdepartement,3,0.0006
Kanton Luzern,3,0.0006
Kanton Thurgau,3,0.0006
Kessler & Co AG,3,0.0006
Kite AG,3,0.0006
Kommando Cyber,3,0.0006
Lightly,3,0.0006
Lonza,3,0.0006
Lyncée Tec SA,3,0.0006
MF Group AG,3,0.0006
MOTOREX AG,3,0.0006
Mediclinic Group,3,0.0006
Mercuria,3,0.0006
Nestlé,3,0.0006
Nitrochemie Wimmis AG,3,0.0006
OWT - a Swisscom company,3,0.0006
Opacc Software AG,3,0.0006
Optravis LLC,3,0.0006
PROSTAFF,3,0.0006
Permjobs Sadiku,3,0.0006
Philippe Lebert GmbH,3,0.0006
Pilatus Flugzeugwerke AG,3,0.0006
Pragmatica AG,3,0.0006
PwC,3,0.0006
RUAG,3,0.0006
Rheinmetall,3,0.0006
Ricola AG,3,0.0006
Rivia,3,0.0006
Sabag AG,3,0.0006
Salt Mobile SA,3,0.0006
Sanitas Krankenversicherung,3,0.0006
Semtech,3,0.0006
Sigma Suisse,3,0.0006
Sika Gesellschaften in der Schweiz,3,0.0006
Smart Energy Link AG,3,0.0006
Sonio AG,3,0.0006
Spital Thurgau AG,3,0.0006
St.Galler Stadtwerke,3,0.0006
Suva,3,0.0006
Swatch Group Services,3,0.0006
Swiss Casinos,3,0.0006
Swiss GRC AG,3,0.0006
Swisslog AG,3,0.0006
Sympany,3,0.0006
Syntegon Packaging Systems AG,3,0.0006
Sécheron SA,3,0.0006
TEAM PARTNERS Suisse SA - Groupe BLUESOFT,3,0.0006
TXT GROUP,3,0.0006
Talan,3,0.0006
Tanner + Co AG Verpackungstechnik,3,0.0006
Techyon,3,0.0006
Tempobrain AG,3,0.0006
Teoresi Group,3,0.0006
Threema GmbH,3,0.0006
Tocco AG,3,0.0006
Touring Club Suisse,3,0.0006
Trafag AG,3,0.0006
Trafigura,3,0.0006
UBP - Union Bancaire Privée,3,0.0006
Universität St. Gallen,3,0.0006
V-ZUG AG,3,0.0006
VP Bank AG,3,0.0006
Viessmann (Schweiz) GmbH,3,0.0006
Viollier AG,3,0.0006
Vitol SA,3,0.0006
Vontobel,3,0.0006
Vontobel Beteiligungen AG,3,0.0006
Walo Bertschinger AG,3,0.0006
World Intellectual Property Organization – WIPO,3,0.0006
Wüest Partner AG,3,0.0006
Xebia,3,0.0006
Ypsomed AG,3,0.0006
Zürcher Hochschule der Künste,3,0.0006
achermann ict-services ag,3,0.0006
bossinfo.ch AG,3,0.0006
cross-ING AG,3,0.0006
devs group,3,0.0006
dormakaba Schweiz AG,3,0.0006
exxo it-services AG,3,0.0006
ipt Innovation Process Technology,3,0.0006
lastminute.com group,3,0.0006
mobilezone ag,3,0.0006
p4b ag,3,0.0006
ridgeline ag,3,0.0006
u-blox AG,3,0.0006
valantic,3,0.0006
ADE photonExa GmbH,2,0.0004
AFRY,2,0.0004
ALSO Schweiz AG,2,0.0004
ALTIS Groupe SA,2,0.0004
AMAC Aerospace Switzerland AG,2,0.0004
API S.A.,2,0.0004
ASSA ABLOY (Schweiz) AG,2,0.0004
ASTRELYA,2,0.0004
AVM Engineering AG,2,0.0004
Aargauische Gebäudeversicherung,2,0.0004
Abrantix AG,2,0.0004
Actemium Schweiz AG,2,0.0004
AdVision Swiss AG,2,0.0004
Adfinis,2,0.0004
Akkodis,2,0.0004
Albedis SA,2,0.0004
Ammann Group,2,0.0004
Ampstek,2,0.0004
Andermatt Swiss Alps AG,2,0.0004
Anevo,2,0.0004
Antaes Consulting,2,0.0004
Aquantic AG,2,0.0004
Arcade Solutions AG,2,0.0004
Arcomed AG,2,0.0004
Auriga Informatik GmbH,2,0.0004
AurigaVision AG,2,0.0004
AutoForm Development GmbH,2,0.0004
Axia AG,2,0.0004
Axians IT Services AG,2,0.0004
Axians Somnitec AG,2,0.0004
Axians in Switzerland,2,0.0004
Axpo Systems AG,2,0.0004
B. Braun Medical AG,2,0.0004
BCIC Swiss GmBH | Best Connect International Company,2,0.0004
BOLL Engineering AG,2,0.0004
BSW SECURITY AG,2,0.0004
BVK Personalvorsorge des Kantons Zürich,2,0.0004
Bank-now,2,0.0004
Batterman Consulting Basel AG,2,0.0004
Bavarian Nordic Berna GmbH,2,0.0004
"Bechtle Schweiz AG, Onsite Services",2,0.0004
Bechtle Switzerland,2,0.0004
Berner Fachhochschule BFH,2,0.0004
Bertrandt Group,2,0.0004
BitHawk AG,2,0.0004
Boehringer Ingelheim (Schweiz) GmbH,2,0.0004
Bundesamt für Statistik BFS,2,0.0004
Burckhardt Architektur AG,2,0.0004
Burkhalter Group,2,0.0004
Burkhalter Technics AG,2,0.0004
CHANEL,2,0.0004
CLEEVEN,2,0.0004
CMSA Management SA,2,0.0004
CNT Management Consulting,2,0.0004
CSD,2,0.0004
Cartier,2,0.0004
Casale SA,2,0.0004
Cenit (Schweiz) AG,2,0.0004
Central Compensation Office CCO,2,0.0004
Cerrion,2,0.0004
Chaberton Professionals,2,0.0004
Chipmind,2,0.0004
Citi,2,0.0004
Citrix,2,0.0004
Coca-Cola HBC Schweiz AG,2,0.0004
Consulteer AG,2,0.0004
ControlTech Engineering AG,2,0.0004
Coop,2,0.0004
Cornell University,2,0.0004
Crans-Montana Food & Beverage SA,2,0.0004
D ONE Value Creation AG,2,0.0004
DXC Technology,2,0.0004
Data Migration International AG,2,0.0004
Databricks,2,0.0004
Decentriq,2,0.0004
Destinus,2,0.0004
Dexion Services AG,2,0.0004
Dietrich engineering consultants S.A.,2,0.0004
Digital Architects Zurich,2,0.0004
Docpier,2,0.0004
Dottikon Exclusive Synthesis AG,2,0.0004
Dreier AG,2,0.0004
ERNE AG Holzbau,2,0.0004
EXPERTsuisse AG,2,0.0004
Ecolab,2,0.0004
Eidgenössische Finanzmarktaufsicht FINMA,2,0.0004
Elize Partners,2,0.0004
Emmi Schweiz AG,2,0.0004
EnableMe Foundation,2,0.0004
Endress+Hauser Group,2,0.0004
Enerconom AG,2,0.0004
Energie Wasser Bern,2,0.0004
Ente Ospedaliero Cantonale (EOC),2,0.0004
Equans Switzerland,2,0.0004
EveryWare AG,2,0.0004
Exeon Analytics AG,2,0.0004
Fachkraft.ch GmbH,2,0.0004
Faigle AG,2,0.0004
"Federal Department of Defence, Civil Protection and Sport DDPS",2,0.0004
Fides Treasury Services,2,0.0004
FinTeX Finance and Technology eXpertise SA,2,0.0004
Flexdental Services SA,2,0.0004
Flexsis,2,0.0004
Flyability SA,2,0.0004
Flying Teachers GmbH,2,0.0004
Forschungsstiftung für Informationstechnologie und Gesellschaft,2,0.0004
Frontify,2,0.0004
Fust | Swiss Household Services AG,2,0.0004
GEOWERKSTATT GmbH,2,0.0004
GLANDON Apartments AG,2,0.0004
GSI Consultants GmbH,2,0.0004
GSK,2,0.0004
GULP Schweiz AG,2,0.0004
GXP CONSULTING Switzerland,2,0.0004
Gemeinde Teufen,2,0.0004
Gemeinsame Einrichtung KVG,2,0.0004
Genesys,2,0.0004
Georg Fischer,2,0.0004
GetYourGuide AG,2,0.0004
Gi Group,2,0.0004
Gi Life Sciences Basel,2,0.0004
Givaudan,2,0.0004
Glarner Kantonalbank,2,0.0004
Gomringer & Partner GmbH,2,0.0004
Google DeepMind,2,0.0004
Gravis Robotics,2,0.0004
Grossenbacher Systeme AG,2,0.0004
Groupe E SA,2,0.0004
Groupe Mutuel,2,0.0004
HERMEX AG,2,0.0004
HUBER+SUHNER AG,2,0.0004
Hach,2,0.0004
Hamilton Medical,2,0.0004
Hamilton Medical AG,2,0.0004
Heizmann AG,2,0.0004
Herbert Ospelt Anstalt (Verwaltung),2,0.0004
Herzog Küchen AG,2,0.0004
Heule Werkzeug AG,2,0.0004
HolidayCheck,2,0.0004
Hoval AG,2,0.0004
Hypothekarbank Lenzburg AG,2,0.0004
IC Resources,2,0.0004
IMC Trading,2,0.0004
IMD AG,2,0.0004
INACTA,2,0.0004
INP Schweiz AG,2,0.0004
ITConcepts Switzerland,2,0.0004
ITRIS Management AG,2,0.0004
Ikerian AG,2,0.0004
Inetum,2,0.0004
Infomaniak Network SA,2,0.0004
"Infosystem AG, Wil",2,0.0004
Ingram Micro GmbH,2,0.0004
International Service Group (Schweiz) GmbH,2,0.0004
Intersys AG,2,0.0004
Ivoclar Vivadent AG,2,0.0004
J. Safra Sarasin,2,0.0004
Jagaad,2,0.0004
Johnson & Johnson AG,2,0.0004
Justitia 4.0,2,0.0004
KARL STORZ Endoskop Produktions GmbH,2,0.0004
KEYTEO,2,0.0004
KM - Pilgram Management Consulting,2,0.0004
KPT - Die Krankenkasse mit dem Plus,2,0.0004
Kantar Switzerland AG,2,0.0004
Kanton Solothurn,2,0.0004
Kantonale Verwaltung Basel-Landschaft,2,0.0004
Kantonale Verwaltung Schwyz,2,0.0004
Kantonale Verwaltung Zug,2,0.0004
Kantonsspital Graubünden,2,0.0004
Kaulquappe AG,2,0.0004
Keysight Technologies,2,0.0004
Kudelski Security,2,0.0004
Körber Pharma,2,0.0004
Körber Supply Chain AG,2,0.0004
L'OCCITANE Group (B Corp),2,0.0004
L.E.S.S. SA,2,0.0004
LANDERT Group AG,2,0.0004
LANDI Schweiz AG,2,0.0004
LB&Partners SA,2,0.0004
LEM Surgical AG,2,0.0004
LGT Bank AG,2,0.0004
LYO-X AG,2,0.0004
Lakera,2,0.0004
Leantin AG,2,0.0004
Leclanché SA,2,0.0004
Leclanché e-Mobility SA,2,0.0004
Leuchter IT Solutions AG,2,0.0004
Liebherr Machines Bulle SA,2,0.0004
Lightium,2,0.0004
Livit AG,2,0.0004
Logjob AG - For Supply Chain Experts,2,0.0004
Lonza Group AG,2,0.0004
Loomis,2,0.0004
Loomis Schweiz AG,2,0.0004
Loomis Schweiz AG Kloten,2,0.0004
Losinger Marazzi SA,2,0.0004
Luota AG,2,0.0004
Lyceum,2,0.0004
Läderach,2,0.0004
Läderach (Schweiz) AG,2,0.0004
Löwenfels Partner AG,2,0.0004
M-Industrie,2,0.0004
MANTU GROUP SA,2,0.0004
MEGGITT SA,2,0.0004
Machine Learning Architects Basel (MLAB),2,0.0004
Manufact (YC S25),2,0.0004
Martin Engineering AG,2,0.0004
McKinsey & Company,2,0.0004
Mettler Toledo,2,0.0004
Migros Bank AG,2,0.0004
"Mikron Switzerland AG, Zweigniederlassung Agno, Tool",2,0.0004
Mirabaud Group,2,0.0004
Mobility Cooperative,2,0.0004
My Sherpa,2,0.0004
NAGRA,2,0.0004
NUM AG,2,0.0004
Netkum AG,2,0.0004
Netsafe AG,2,0.0004
"NewWave Telecom & Technologies, Inc.",2,0.0004
NielsenIQ,2,0.0004
Noser Engineering AG,2,0.0004
Novotec Engineering AG,2,0.0004
OTTO'S AG,2,0.0004
Object ECM AG,2,0.0004
On,2,0.0004
OneDoc,2,0.0004
Oneconsult AG,2,0.0004
Optiml,2,0.0004
Orange Business Switzerland AG,2,0.0004
Orderfox Schweiz AG,2,0.0004
Orion Rechtsschutz-Versicherung AG,2,0.0004
Overstory,2,0.0004
PHOENIQS,2,0.0004
PIDAS Aktiengesellschaft,2,0.0004
PLAIN IT AG,2,0.0004
ParetoLabs,2,0.0004
Peoplefone AG,2,0.0004
Perk,2,0.0004
Peter Park System GmbH,2,0.0004
Pictet Group,2,0.0004
Pilatus Aircraft Ltd,2,0.0004
Pilatus-Bahnen AG,2,0.0004
PrimeIT Switzerland,2,0.0004
Primeo Energie,2,0.0004
PrismaLife AG,2,0.0004
ProfiLogic AG,2,0.0004
Pronovo AG,2,0.0004
Proofpoint,2,0.0004
Publicare AG,2,0.0004
Pure ICT AG,2,0.0004
QACube,2,0.0004
QESTIT DACH,2,0.0004
QSC,2,0.0004
Quantum Digital,2,0.0004
Quickline AG,2,0.0004
R. Nussbaum AG,2,0.0004
RIZ AG,2,0.0004
RONAL Wheels,2,0.0004
Raptus AG,2,0.0004
Rebsamen Technics AG,2,0.0004
Rent a person Beratungs AG,2,0.0004
RogerHR,2,0.0004
Ronal AG,2,0.0004
Rotzinger AG,2,0.0004
SAVVY® Telematic Systems AG,2,0.0004
SCHNEEBERGER AG Lineartechnik,2,0.0004
SGI,2,0.0004
SHL Medical AG,2,0.0004
SII Group Switzerland,2,0.0004
SKAN AG,2,0.0004
SLYNET AG,2,0.0004
SR Technics Spain,2,0.0004
STRAPAG Strahm und Partner AG,2,0.0004
Schleuniger AG,2,0.0004
Schmid & Partner Engineering AG,2,0.0004
Schweizer Armee - Armeestab A Stab,2,0.0004
Schweizer Electronic AG,2,0.0004
Schweizer Paraplegiker-Zentrum,2,0.0004
Scotiabank,2,0.0004
Senevita AG,2,0.0004
Senthorus SA,2,0.0004
ServiceNow,2,0.0004
SimplyVision GmbH,2,0.0004
Sixsentix,2,0.0004
SmartIT Services AG,2,0.0004
Smile Versicherung,2,0.0004
SoFi,2,0.0004
Solothurner Spitäler AG,2,0.0004
Sonepar International Services SA,2,0.0004
Sonepar Suisse AG,2,0.0004
Spotted,2,0.0004
St. Galler Kantonalbank,2,0.0004
StackWorks GmbH,2,0.0004
Stadt Bülach,2,0.0004
Stanzwerk AG,2,0.0004
Stellenwerk AG,2,0.0004
Stettler Consulting AG,2,0.0004
Stiftung Heilsarmee Schweiz,2,0.0004
Stiftung für die Inter-Community School,2,0.0004
Stöcklin Logistik AG,2,0.0004
Supsign AG,2,0.0004
Swatch AG,2,0.0004
Swisscard AECS GmbH,2,0.0004
Swistec Systems AG,2,0.0004
Sygnum Bank,2,0.0004
Synchrotech SA,2,0.0004
Syngenta Crop Protection,2,0.0004
Synotis,2,0.0004
Syntegon,2,0.0004
SystemsAccountants,2,0.0004
"TAKEDA PHARMACEUTICALS AMERICA, INC.",2,0.0004
TEQABLE AG,2,0.0004
Takeda,2,0.0004
Talan SA,2,0.0004
Tecan,2,0.0004
TechFirm Information Systems,2,0.0004
Telecom26 AG,2,0.0004
Telus Digital,2,0.0004
The Brains GmbH,2,0.0004
Thomson Reuters,2,0.0004
Tribunal fédéral suisse TF,2,0.0004
Trust In SODA,2,0.0004
TwinCap First AG,2,0.0004
Unit8 SA,2,0.0004
United Machining,2,0.0004
University Hospital Basel,2,0.0004
Universitäre Psychiatrische Kliniken UPK Basel,2,0.0004
Universitätsspital Zürich,2,0.0004
"Urs Ledermann & Partner AG, Bern",2,0.0004
VAT Vakuumventile AG,2,0.0004
VF Corporation,2,0.0004
VTU Engineering Schweiz AG,2,0.0004
Valion AG,2,0.0004
Vaudoise Assurances,2,0.0004
Vebego AG,2,0.0004
Verwo AG,2,0.0004
Visana Services AG,2,0.0004
Visana Versicherungen,2,0.0004
Vision-Inside AG,2,0.0004
Vlada Republike Slovenije,2,0.0004
Voicepoint AG,2,0.0004
W3Global,2,0.0004
WAGNER AG,2,0.0004
WinGD Ltd.,2,0.0004
Wistar Informatik AG,2,0.0004
World Economic Forum,2,0.0004
World Trade Organization,2,0.0004
Würth AG,2,0.0004
Xpert-IT,2,0.0004
XpertDirect,2,0.0004
YOUCAREERGROUP Schweiz GmbH,2,0.0004
Youth.Economy.Switzerland.,2,0.0004
ZEEN Tech AG,2,0.0004
ZWZ AG,2,0.0004
Ziemer Group,2,0.0004
ZuriQ AG,2,0.0004
agap2 Switzerland,2,0.0004
aietes ag,2,0.0004
allvaco group AG,2,0.0004
aspaara AG,2,0.0004
bbv Software Services AG,2,0.0004
beeworx GmbH,2,0.0004
comparis.ch AG,2,0.0004
die Mobiliar,2,0.0004
dsm-firmenich,2,0.0004
dynasoft AG,2,0.0004
enzianlabs,2,0.0004
exedra ag,2,0.0004
fortil,2,0.0004
iSource AG,2,0.0004
iTrust,2,0.0004
immopac ag,2,0.0004
infoscore AG,2,0.0004
insieme Schweizerische Vereinigung der Elternvereine für Menschen mit einer geistigen Behinderung,2,0.0004
kaiko.ai,2,0.0004
kohler + partner,2,0.0004
maxon motor ag,2,0.0004
microTECH Global LTD,2,0.0004
mylife Diabetes Care AG,2,0.0004
ongoing GmbH,2,0.0004
safely by Lobsiger & Partner,2,0.0004
skyguide,2,0.0004
soxes AG,2,0.0004
swissQuant Group AG,2,0.0004
syndicom,2,0.0004
the i-engineers AG,2,0.0004
u-blox,2,0.0004
wega Informatik AG,2,0.0004
weroSoft AG,2,0.0004
xinfra gmbh,2,0.0004
08EINS Softwarehaus,1,0.0002
21shares,1,0.0002
3R Swiss Imaging Network SA,1,0.0002
3ap,1,0.0002
4IT Solutions,1,0.0002
A&O IT Group,1,0.0002
AARK Tech Solutions GmbH,1,0.0002
ABB Schweiz AG,1,0.0002
AEROCONTACT,1,0.0002
AFRY Schweiz AG,1,0.0002
AGROLA AG,1,0.0002
AI4I,1,0.0002
AIGLON COLLEGE SA,1,0.0002
AIM Sp. z o.o,1,0.0002
ALBEDIS - GENEVE,1,0.0002
ALBIRO AG,1,0.0002
ALLPS,1,0.0002
ALSTOM Schweiz AG,1,0.0002
AMAG Corporate Services AG,1,0.0002
ANYbotics,1,0.0002
ANZEN Engineering,1,0.0002
API SA,1,0.0002
ARTIDIS,1,0.0002
ASANA Gruppe AG,1,0.0002
ASE (Analysis Simulation Engineering) AG,1,0.0002
ATS-Tanner Banding Systems AG,1,0.0002
AWU AG System- und Umwelttechnik,1,0.0002
AXA Group Operations,1,0.0002
"AXIS RE SE, Dublin, Zurich Branch",1,0.0002
Aargau Verkehr AG (AVA),1,0.0002
Aargauische Kantonalbank,1,0.0002
Academic Work,1,0.0002
Academic Work Switzerland SA,1,0.0002
Accenture DACH,1,0.0002
AccessOwl,1,0.0002
Acquism SARL,1,0.0002
Actemium Switzerland,1,0.0002
Ada Meher,1,0.0002
Adcubum AG,1,0.0002
Adone Conseil,1,0.0002
Adroit People Limited (UK),1,0.0002
AgileAdvant Switzerland Ltd.,1,0.0002
Agnostic Intelligence,1,0.0002
Airex AG,1,0.0002
Akamai Technologies,1,0.0002
Alexander Thamm [at],1,0.0002
Alfred Müller AG,1,0.0002
Allgemeine Plakatgesellschaft AG,1,0.0002
AlpineAI AG,1,0.0002
Alpiq,1,0.0002
Alterszentrum im Brüel Aesch-Pfeffingen,1,0.0002
Amaris Consulting,1,0.0002
Amazon RIVR,1,0.0002
Amcor Flexibles Burgdorf GmbH,1,0.0002
Amt für Informatik,1,0.0002
Anansi Solutions,1,0.0002
Andeo AG,1,0.0002
Angst+Pfister AG,1,0.0002
Ansaldo Energia Switzerland AG,1,0.0002
Anza,1,0.0002
Apco Technologies S.A.,1,0.0002
Appwars technology,1,0.0002
Aproda AG,1,0.0002
Arco IT GmbH,1,0.0002
Arcon Informatik AG,1,0.0002
Arctive AG,1,0.0002
"Arrow ECS GmbH, Linz, Zweigniederlassung Wallisellen",1,0.0002
Ascom Solutions AG,1,0.0002
Aspeya,1,0.0002
Astrafy,1,0.0002
Atinary,1,0.0002
Atupri Gesundheitsversicherung AG,1,0.0002
Audemars Piguet,1,0.0002
Aurora,1,0.0002
Ausgleichskasse des Kantons Bern,1,0.0002
Australian Permanent Mission,1,0.0002
Auterion,1,0.0002
Autexis AG,1,0.0002
Auticon Swiss AG,1,0.0002
Autodesk,1,0.0002
Avanade,1,0.0002
Avanda Group,1,0.0002
Avantec AG,1,0.0002
Axon Ivy · Intelligent Process Orchestration Platform,1,0.0002
Axon Lab AG,1,0.0002
B. Wahlstroem Engineering GmbH,1,0.0002
BAMBUS EDV-Consulting GmbH,1,0.0002
BAMBUS Software AG,1,0.0002
BBVA,1,0.0002
BDO AG,1,0.0002
BEKO Solutions GmbH,1,0.0002
BERNINA International AG,1,0.0002
BESTVISION GROUP,1,0.0002
BGP AG,1,0.0002
BKW AG,1,0.0002
BLP Digital AG,1,0.0002
BLS AG,1,0.0002
BRACK.CH,1,0.0002
BROMsolutions AG Basel,1,0.0002
BSI,1,0.0002
BSI Business Systems Integration AG,1,0.0002
BaXian AG,1,0.0002
Bacardi,1,0.0002
Bachem,1,0.0002
BairesDev,1,0.0002
Ballast TechSourcing,1,0.0002
Band-Genossenschaft,1,0.0002
Bank Cler AG,1,0.0002
"Bart & Associates, Inc.",1,0.0002
Basel Institute on Governance,1,0.0002
Basellandschaftliche Kantonalbank,1,0.0002
BauSpektrum AG Münsingen,1,0.0002
Baumer,1,0.0002
Bayer Consumer Care AG,1,0.0002
BeOne Medicines,1,0.0002
BearingPoint,1,0.0002
"Beat Mathys, GATCOM, IT-Equipement",1,0.0002
Bedag Informatique SA,1,0.0002
Belimed Life Science,1,0.0002
Belimo,1,0.0002
Bell Schweiz AG,1,0.0002
Bellevue Medical Group,1,0.0002
Benchling,1,0.0002
Bergwerk – Digital Experiences,1,0.0002
Berlac AG,1,0.0002
Bertschi AG,1,0.0002
Bewy,1,0.0002
Beyond Gravity,1,0.0002
Beyond Potentials,1,0.0002
Bio-Rad Laboratories,1,0.0002
Biognosys AG,1,0.0002
Biotta AG,1,0.0002
Blue Entertainment AG,1,0.0002
BlueNetwork Systems AG,1,0.0002
Blutspende SRK Schweiz AG,1,0.0002
Board,1,0.0002
Boll Engineering AG,1,0.0002
Botnar Institute of Immune Engineering – BIIE,1,0.0002
Bottomline,1,0.0002
Bramwith Consulting,1,0.0002
Branchen Versicherung Genossenschaft,1,0.0002
Brokinsoft SA,1,0.0002
Bruker Switzerland AG,1,0.0002
Bucher Group,1,0.0002
Bucher Leichtbau AG,1,0.0002
Bucher Municipal,1,0.0002
Bucherer AG,1,0.0002
Bug Bounty Switzerland,1,0.0002
Bundesamt für Meteorologie und Klimatologie MeteoSchweiz,1,0.0002
Bundesverwaltungsgericht - Tribunal administratif fédéral,1,0.0002
Bystronic Group,1,0.0002
Bystronic Laser AG,1,0.0002
BÜCHI Labortechnik AG,1,0.0002
Bénédict-Schule AG,1,0.0002
Bögli ICT AG,1,0.0002
Bühler AG,1,0.0002
Bühler Group,1,0.0002
Bürgenstock Resort,1,0.0002
CARAUKTION AG,1,0.0002
CARU AG,1,0.0002
CBTW IT & Technology / Positive Thinking Company,1,0.0002
CENIT,1,0.0002
CFU GmbH,1,0.0002
CGS Customer Ground Service AG,1,0.0002
CH Media,1,0.0002
CH-Bluesign,1,0.0002
CIS Electronics Engineering,1,0.0002
CM Informatik AG,1,0.0002
CONVOTIS Schweiz AG,1,0.0002
CPM Partners,1,0.0002
CS-Computing GmbH,1,0.0002
CSCS,1,0.0002
CSD ENGINEERS,1,0.0002
CSD INGENIEURE,1,0.0002
CSL,1,0.0002
CYBERTEC PostgreSQL Services and Support,1,0.0002
Calyptus,1,0.0002
Capco,1,0.0002
Capgemini Engineering,1,0.0002
Cardio-CARE,1,0.0002
Carl Zeiss AG,1,0.0002
Celonic Group,1,0.0002
Chainlink Labs,1,0.0002
Chiral,1,0.0002
Cicor Group,1,0.0002
Circle Partners GbR,1,0.0002
Circuit Mind,1,0.0002
Citadel Securities,1,0.0002
Climeworks,1,0.0002
Clinique de Genolier,1,0.0002
Coba IT Consultants,1,0.0002
Cognite,1,0.0002
Coherent Corp.,1,0.0002
Comitas AG,1,0.0002
Compagnie des Montres Longines Francillon SA,1,0.0002
Condecta AG,1,0.0002
Confiserie Sprüngli AG,1,0.0002
Consor AG,1,0.0002
Consort Group,1,0.0002
Construo AG,1,0.0002
Consultants in Science Sàrl,1,0.0002
Core Talent GmbH,1,0.0002
Corealis Consulting AG,1,0.0002
Corintis,1,0.0002
Crossover,1,0.0002
CrowdStrike,1,0.0002
Curaden Global,1,0.0002
Customize AG,1,0.0002
CynLr,1,0.0002
Cytiva,1,0.0002
DATA UNIT AG,1,0.0002
DMD Solutions,1,0.0002
DQventures,1,0.0002
DSJ Global,1,0.0002
DSwiss AG,1,0.0002
Darest,1,0.0002
Data Purpose AG,1,0.0002
DataStore AG,1,0.0002
Datahouse,1,0.0002
Datalynx AG,1,0.0002
Datwyler Group,1,0.0002
Datwyler IT Infra,1,0.0002
Davidson consulting,1,0.0002
Deel,1,0.0002
DeepJudge,1,0.0002
DeepRec.ai,1,0.0002
Delica AG,1,0.0002
Delta Logic AG,1,0.0002
Denner AG,1,0.0002
Departement für Bau und Umwelt,1,0.0002
Descartes Systems Group,1,0.0002
Designwerk Technologies AG,1,0.0002
Detecon,1,0.0002
Diartis AG,1,0.0002
Digital Boutique GmbH,1,0.0002
Digital Delivery GmbH,1,0.0002
Direktion der Justiz und des Innern Kanton Zürich,1,0.0002
Domino Graph-Tech AG,1,0.0002
DonTouch SA,1,0.0002
DuoKey,1,0.0002
Duscholux AG,1,0.0002
Dyneo Technologies SA,1,0.0002
EBL (Genossenschaft Elektra Baselland),1,0.0002
ECCO2 Solutions AG,1,0.0002
EF,1,0.0002
EHL Group,1,0.0002
EITI AG,1,0.0002
EKZ,1,0.0002
ELCA Cloud Services,1,0.0002
ELCASecurity,1,0.0002
"ELESTA GmbH, Ostfildern (DE), Zweigniederlassung Bad Ragaz",1,0.0002
ELLEON,1,0.0002
EMWE AG,1,0.0002
ENOTRAC AG,1,0.0002
EQUANS Switzerland AG,1,0.0002
ERNE Management AG,1,0.0002
ESPRIT Netzwerk AG,1,0.0002
ETEL S.A.,1,0.0002
EULITHA,1,0.0002
Eficode,1,0.0002
Elektro-Material AG,1,0.0002
Element AG,1,0.0002
Emeria Services AG,1,0.0002
Emile Egger & Cie SA,1,0.0002
EnerSys,1,0.0002
Energie 360° AG,1,0.0002
Energiebüro AG,1,0.0002
Epic Fusion,1,0.0002
Ergonomics AG,1,0.0002
Erne Management AG,1,0.0002
Esri,1,0.0002
Etat de Neuchâtel,1,0.0002
Etterli Testkaufdienst GmbH,1,0.0002
Evatec AG,1,0.0002
Eventfrog AG,1,0.0002
Everllence,1,0.0002
Ex Libris AG,1,0.0002
Excis Compliance,1,0.0002
Expedia Group,1,0.0002
Experian,1,0.0002
Expersoft Systems AG,1,0.0002
Explora Journeys,1,0.0002
Extendis AG,1,0.0002
F + C Optic GmbH,1,0.0002
FELFEL AG,1,0.0002
FELFEL Switzerland,1,0.0002
FHV Informatique,1,0.0002
FICOBA SA,1,0.0002
FISBA AG,1,0.0002
FIVE Informatik AG,1,0.0002
FOKUS Talent Sàrl,1,0.0002
FORCE7 AG,1,0.0002
Fabasoft Schweiz AG,1,0.0002
Fabasoft Switzerland Ltd,1,0.0002
Facility Solutions Lake Lucerne AG,1,0.0002
Feller AG,1,0.0002
Ferratec Technics AG,1,0.0002
Fertin Pharma A/S,1,0.0002
Ficoba SA,1,0.0002
Fielmann AG,1,0.0002
Finanzdirektion Kanton Zürich,1,0.0002
FlexBase Group,1,0.0002
Flexsis – Bern,1,0.0002
Flumerics Solutions GmbH,1,0.0002
Fondation Armée du Salut Suisse,1,0.0002
Fondation Bois-Gentil,1,0.0002
Fondation pour l'accueil des enfants de Blonay - St-Légier,1,0.0002
Fonds des Nations Unies pour l'enfance (UNICEF),1,0.0002
Fortinet,1,0.0002
Forvis Mazars in Switzerland,1,0.0002
Foxglove,1,0.0002
Fritz Studer AG,1,0.0002
Fuse Energy,1,0.0002
G. Baumgartner AG,1,0.0002
GE Vernova,1,0.0002
GONSER AG,1,0.0002
GPV,1,0.0002
GZF Gesundheitszentrum Fricktal,1,0.0002
Galderma Pharma S.A.,1,0.0002
Galenica,1,0.0002
Ganci Partners,1,0.0002
Genossenschaft MIGROS Zürich,1,0.0002
Gilgen Door Systems AG,1,0.0002
Giotto.ai,1,0.0002
Globus Medical,1,0.0002
Go 2 Flow AG,1,0.0002
Gogo,1,0.0002
Goldbach Neo OOH SA,1,0.0002
Golog AG,1,0.0002
Grand Resort Bad Ragaz,1,0.0002
Groupe ANSAM,1,0.0002
Groupe Devillard,1,0.0002
GuardEx Sàrl,1,0.0002
Gutor,1,0.0002
HALO Branded Solutions,1,0.0002
HAPA AG,1,0.0002
HCI Solutions AG,1,0.0002
HEAD IT Solutions AG,1,0.0002
HEFTI. HESS. MARTIGNONI. 4U AG,1,0.0002
HEIDENHAIN NUMERIK AG,1,0.0002
HES-SO Valais-Wallis,1,0.0002
HID,1,0.0002
HOELZLE AG,1,0.0002
HRM Systems AG,1,0.0002
HSBC,1,0.0002
HUG - Hôpitaux Universitaires de Genève,1,0.0002
HYDRO Exploitation SA,1,0.0002
Habegger AG,1,0.0002
HappyRobot,1,0.0002
Hauenstein Gruppe,1,0.0002
Haute Ecole d'Ingénierie et de Gestion de Vaud,1,0.0002
Health2Wealth Association,1,0.0002
Helsana Versicherungen AG,1,0.0002
Helvetia Versicherungen,1,0.0002
Helvetica Partners,1,0.0002
Hexagon Manufacturing Intelligence Sarl,1,0.0002
Hicof Inc.,1,0.0002
Hidrostal Group,1,0.0002
Hilcona Aktiengesellschaft,1,0.0002
Hilo by Aktiia,1,0.0002
Hilti (Schweiz) AG,1,0.0002
Hitachi Energy Switzerland Ltd.,1,0.0002
Hodel + Partner Management Consulting,1,0.0002
Holcim (Schweiz) AG,1,0.0002
Hoval Schweiz,1,0.0002
Huba Control,1,0.0002
Humanka GmbH,1,0.0002
Hänseler AG,1,0.0002
Häny AG,1,0.0002
ICT Berufsbildungscenter AG,1,0.0002
IDAK Food Group AG,1,0.0002
IDEAS emplois SA,1,0.0002
IEM SA,1,0.0002
IGAKIS Genossenschaft,1,0.0002
IGP Pulvertechnik AG,1,0.0002
IGS GmbH,1,0.0002
IGS Informatikgesellschaft für Sozialversicherungen GmbH,1,0.0002
IMD,1,0.0002
IMI,1,0.0002
IMI Climate Control,1,0.0002
INERA SA,1,0.0002
INSELSPITAL,1,0.0002
ISATI Engineering Solutions,1,0.0002
ISOLUTIONS AG,1,0.0002
IT Republic GmbH,1,0.0002
ITConcepts-Professional GmbH,1,0.0002
IV-Stelle Basel-Stadt,1,0.0002
IWF AG,1,0.0002
IWIS AG,1,0.0002
Implenia,1,0.0002
Indaflex AG,1,0.0002
Infinity Labs Limited,1,0.0002
Infinity Quest,1,0.0002
Infomaniak,1,0.0002
Innodata Inc.,1,0.0002
Innosuisse,1,0.0002
Insmed Incorporated,1,0.0002
Instaffo,1,0.0002
Institut Informatique HES-SO Valais-Wallis,1,0.0002
Intecso AG • Managed Cloud Infrastructure • Managed Modern Work • Managed Security,1,0.0002
Integraal Data Services,1,0.0002
Inter-Networking AG,1,0.0002
Interdiscount,1,0.0002
Interiman Group,1,0.0002
International Air Transport Association (IATA),1,0.0002
International School of Zug and Luzern,1,0.0002
Intonate,1,0.0002
Intrum AG,1,0.0002
Intuitive,1,0.0002
Inworld AI,1,0.0002
IoT Lab Association,1,0.0002
Ironforge Consulting AG,1,0.0002
JCW Group,1,0.0002
Jet Aviation,1,0.0002
Job Solution AG,1,0.0002
Johnson & Johnson Innovative Medicine,1,0.0002
Johnson Electric,1,0.0002
Johnson Electric International AG,1,0.0002
Joveo AI,1,0.0002
Jungfraubahnen Management AG,1,0.0002
Jura,1,0.0002
Jurata,1,0.0002
K-LAGAN,1,0.0002
KARL STORZ Endoskope Schweiz AG,1,0.0002
KELLER Pressure,1,0.0002
KV Basel AG,1,0.0002
KWC Group AG,1,0.0002
Kaleidodoc,1,0.0002
Kanton Aargau,1,0.0002
Kanton Basel-Stadt Bau- und Verkehrsdepartement,1,0.0002
Kanton Basel-Stadt Gerichte,1,0.0002
Kanton Basel-Stadt Präsidialdepartement,1,0.0002
Kanton Uri,1,0.0002
Kantonsspital Baden AG,1,0.0002
Karma Metrix,1,0.0002
Keller Swiss Group,1,0.0002
Keller Swiss Group AG,1,0.0002
"Kelly Science, Engineering, Technology & Telecom",1,0.0002
Kestenholz Automobil AG,1,0.0002
Kilchenmann AG,1,0.0002
Kissling+Zbinden AG,1,0.0002
Klanik,1,0.0002
Kollabo AG,1,0.0002
Konova AG / E-Mitwirkung,1,0.0002
Kornine,1,0.0002
Krüger + Co. AG,1,0.0002
Kyndryl,1,0.0002
Körber,1,0.0002
L'Occitane International (Suisse) SA,1,0.0002
LEXIAN AG,1,0.0002
LIGENTEC,1,0.0002
LIONSCOUT | GROUP,1,0.0002
LUI.IS LLC,1,0.0002
La Fosse,1,0.0002
Landqart AG,1,0.0002
LatticeFlow AI,1,0.0002
LeeGroup GmbH - Because Quality Matters,1,0.0002
Leister AG,1,0.0002
Lenovo (Schweiz) GmbH,1,0.0002
Leonteq Securities AG,1,0.0002
Liebherr Group,1,0.0002
Lienhardt & Partner Privatbank Zürich AG,1,0.0002
Lindt & Sprüngli,1,0.0002
Livit AG Real Estate Management,1,0.0002
Lobsiger & Partner GmbH,1,0.0002
Local.ch,1,0.0002
LocalPoint,1,0.0002
Loki Robotics,1,0.0002
Longines Watch Co. Francillon Ltd.,1,0.0002
Loop Future,1,0.0002
Lorum,1,0.0002
Lungenliga Aargau,1,0.0002
Luware AG,1,0.0002
Luxoft,1,0.0002
Luzerner Psychiatrie AG,1,0.0002
Lyreco Switzerland AG,1,0.0002
M&S Software Engineering,1,0.0002
MA CAPITAL U.S. LLC,1,0.0002
MDPI,1,0.0002
MDPI Romania,1,0.0002
MDigital AG,1,0.0002
MEB Group AG,1,0.0002
MGI Consultants,1,0.0002
MKS PAMP,1,0.0002
MSC Mediterranean Shipping Company,1,0.0002
MST Systemtechnik AG,1,0.0002
Maagtechnic AG,1,0.0002
Magna5,1,0.0002
Malvern Panalytical,1,0.0002
Manukai,1,0.0002
Markem-Imaje AG,1,0.0002
Mastercam,1,0.0002
Matterhorn Gotthard Verkehrs AG,1,0.0002
Matthias Döll GmbH,1,0.0002
Medela AG,1,0.0002
Medgate AG,1,0.0002
Medtronic,1,0.0002
Metalor Technologies SA,1,0.0002
Metso,1,0.0002
Mettler-Toledo GmbH,1,0.0002
Michael Kors (Switzerland) GmbH,1,0.0002
Michel Gruppe AG,1,0.0002
Micronel AG,1,0.0002
Migros Ostschweiz,1,0.0002
Migros Supermarkt AG,1,0.0002
Migros Zürich,1,0.0002
Millennium,1,0.0002
Millennium Center SA,1,0.0002
Mimacom,1,0.0002
Mindfire AG,1,0.0002
Mistral AI,1,0.0002
Mobimo FM Service AG,1,0.0002
MÖKAH AG,1,0.0002
Möbel Pfister AG,1,0.0002
NSNW AG,1,0.0002
NTI AG LinMot & MagSpring,1,0.0002
NTT DATA Business Solutions AG,1,0.0002
NZZ,1,0.0002
Naef Immobilier SA,1,0.0002
National Cyber Security Centre NCSC (NCSC_CH),1,0.0002
Natron Tech,1,0.0002
Neho,1,0.0002
Netrics,1,0.0002
Neural Concept,1,0.0002
New Work Human Resources,1,0.0002
Next Work AG,1,0.0002
Nexthink SA,1,0.0002
Nexxiot,1,0.0002
Nidecker Group,1,0.0002
Nomasis AG,1,0.0002
NovaMea SA,1,0.0002
Novartis,1,0.0002
Novatix,1,0.0002
Numezis,1,0.0002
NuvemRx,1,0.0002
OBT AG,1,0.0002
OFAC,1,0.0002
OI Wild GmbH,1,0.0002
OK JOB SA,1,0.0002
OK Job SA,1,0.0002
OM Pharma,1,0.0002
ONLU,1,0.0002
ONZACK AG,1,0.0002
Octave,1,0.0002
Oliver Bernard,1,0.0002
Oliver James,1,0.0002
Olymp AG,1,0.0002
Oneconsult,1,0.0002
OnlineDoctor AG,1,0.0002
Onyx Circle,1,0.0002
Onyx Circle AG,1,0.0002
Open Circle AG,1,0.0002
Open Net Sarl,1,0.0002
Open Systems,1,0.0002
OpenAI,1,0.0002
Options Group,1,0.0002
Optiswiss AG,1,0.0002
Optotune,1,0.0002
Orell Füssli Group,1,0.0002
Oswald Nahrungsmittel GmbH,1,0.0002
Otto Hofstetter AG,1,0.0002
PKZ Burger-Kehl & Co. AG,1,0.0002
POLYPOINT AG,1,0.0002
PRECITRAME MACHINES SA,1,0.0002
PXL Vision,1,0.0002
Panda International,1,0.0002
Papers AG,1,0.0002
Parker Hannifin,1,0.0002
"Pax, Schweizerische Lebensversicherungs-Gesellschaft AG",1,0.0002
Paymira,1,0.0002
Pdftools,1,0.0002
Peko AG,1,0.0002
Pensionskasse des Bundes PUBLICA,1,0.0002
Perfetti Van Melle,1,0.0002
Persigo AG,1,0.0002
Pertemps ERP (part of Network EMEA),1,0.0002
Pettker & Partner Consulting KlG,1,0.0002
Pflegewegweiser GmbH,1,0.0002
Pharmatronic AG,1,0.0002
Pinterest,1,0.0002
Planzer Synergistics,1,0.0002
"Planzer Transport AG, Zweigniederlassung Informatik",1,0.0002
PlaynVoice,1,0.0002
Point One Navigation,1,0.0002
Point Service SA,1,0.0002
Pontacol AG,1,0.0002
Poolside AG,1,0.0002
Praxisklinik Rennbahn AG,1,0.0002
Privatklinik Reichenbach b. Meiringen AG,1,0.0002
Pro Informatik AG,1,0.0002
Procure Ai,1,0.0002
PureGym AG,1,0.0002
Pädagogische Hochschule Bern,1,0.0002
"QuantumBlack, AI by McKinsey",1,0.0002
RAHN-Group,1,0.0002
RUAG MRO Holding AG,1,0.0002
Racing Unleashed AG,1,0.0002
Raiffeisen Group,1,0.0002
Raiffeisen Schweiz,1,0.0002
Raiffeisenbank Unteremmental,1,0.0002
"Randstad (Schweiz) AG, c/o Johnson & Johnson",1,0.0002
Rapinno Tech Solutions GmbH,1,0.0002
Redsen,1,0.0002
Regionales Pflegezentrum Baden AG,1,0.0002
Reka,1,0.0002
Renault Suisse SA,1,0.0002
Resonant Link Medical,1,0.0002
Rheinmetall Air Defence AG,1,0.0002
Rieter,1,0.0002
Rigby AG,1,0.0002
Ringier AG,1,0.0002
Risklick,1,0.0002
Ritter Products AG,1,0.0002
Rivero AG,1,0.0002
Riverty,1,0.0002
Robert Walters,1,0.0002
RobitiFAI,1,0.0002
Romer's Hausbäckerei AG,1,0.0002
Routeco AG,1,0.0002
"Roy C. Hitchman AG, Unternehmensberatung",1,0.0002
République et Canton de Neuchâtel,1,0.0002
SBB Cargo International AG,1,0.0002
SCOR,1,0.0002
SEIDOR,1,0.0002
SERV Swiss Export Risk Insurance,1,0.0002
SFS Group,1,0.0002
SHERPANY,1,0.0002
SHOTOVER Systems,1,0.0002
SICPA HOLDING SA,1,0.0002
SIGA,1,0.0002
SIX,1,0.0002
SJ Recrutement,1,0.0002
SKIDATA,1,0.0002
SNAQ,1,0.0002
SOLIT Group AG,1,0.0002
SOTTAS SA,1,0.0002
SPS Switzerland AG,1,0.0002
SQ Products AG,1,0.0002
SRG SSR,1,0.0002
SSI IT Consulting GmbH,1,0.0002
SUISA,1,0.0002
SUMEX AG,1,0.0002
SUSE,1,0.0002
SV (Schweiz) AG,1,0.0002
SWAG Swiss Work AG,1,0.0002
SWARCO,1,0.0002
SWICA Organisation de Santé,1,0.0002
SWISSto12,1,0.0002
Safeguard Global Switzerland,1,0.0002
Safran Timing Technologies SA,1,0.0002
Salto Systems AG,1,0.0002
Samsung Electronics Switzerland GmbH,1,0.0002
Scait,1,0.0002
Scandit,1,0.0002
Schaffhauser Kantonalbank,1,0.0002
Schiller AG,1,0.0002
Schneider Electric,1,0.0002
Schoch Informatik Hinwil AG,1,0.0002
Schweizer Armee - Kommando Operationen Kdo Op,1,0.0002
Schweizer Hagel,1,0.0002
Schweizer Reisekasse (Reka) Genossenschaft,1,0.0002
Schweizer Weinhandelskontrolle,1,0.0002
Schweizerische Exportrisikoversicherung,1,0.0002
Schweizerische Rettungsflugwacht (Rega),1,0.0002
Schweizerisches Bundesgericht BGer,1,0.0002
Schönenberger Partner AG,1,0.0002
Scopely,1,0.0002
Selectron Systems AG,1,0.0002
Semtech (International) AG,1,0.0002
Senevita,1,0.0002
Siemens Healthineers,1,0.0002
Sigma Advisor SA,1,0.0002
Sigmaplan AG,1,0.0002
Sika,1,0.0002
Sitrox,1,0.0002
Sius AG,1,0.0002
Sixt rent-a-car AG,1,0.0002
Skan AG,1,0.0002
"Sky Systems, Inc. (SkySys)",1,0.0002
Sleepiz AG,1,0.0002
Smallpdf,1,0.0002
Snap Inc.,1,0.0002
Sobi - Swedish Orphan Biovitrum AB (publ),1,0.0002
Softcom,1,0.0002
SoftwareOne,1,0.0002
Sogema Software,1,0.0002
Solar Manager,1,0.0002
Solarstream AG,1,0.0002
Solvias AG,1,0.0002
Sonrysa,1,0.0002
Sozialversicherungsanstalt des Kantons Basel-Landschaft,1,0.0002
Spacetek Technology AG,1,0.0002
Sparta Commodities SA,1,0.0002
Sphynx,1,0.0002
Spital Affoltern AG,1,0.0002
Spital Limmattal,1,0.0002
Spital STS AG,1,0.0002
Spitalzentrum Biel / Centre hospitalier Bienne,1,0.0002
Spitäler Frutigen Meiringen Interlaken AG,1,0.0002
Spitäler Schaffhausen,1,0.0002
Spitäler fmi AG,1,0.0002
Squad Switzerland,1,0.0002
Stacksync - Integration Cloud,1,0.0002
Stadt Bern,1,0.0002
Stadt Thun,1,0.0002
Stadt Winterthur,1,0.0002
Stiftung Swiss Sport Integrity,1,0.0002
Stiftung Töpferhaus,1,0.0002
Stone Sourcing AG,1,0.0002
Stäubli Electrical Connectors AG,1,0.0002
Stöckli Swiss Sports AG,1,0.0002
Stöcklin Logistik Group,1,0.0002
Sudo AI,1,0.0002
SuisseCo GmbH,1,0.0002
Sukano Finance AG,1,0.0002
Sulzer,1,0.0002
Sulzer & Schmid Laboratories AG,1,0.0002
Sulzer Schmid Laboratories AG,1,0.0002
Swiss Armed Forces,1,0.0002
Swiss Automotive Group AG,1,0.0002
Swiss Aviation Software,1,0.0002
Swiss Bankers Prepaid Services AG,1,0.0002
Swiss Cancer Institute,1,0.0002
Swiss Fibertec AG,1,0.0002
Swiss IT Professional AG,1,0.0002
Swiss International Air Lines,1,0.0002
Swiss Life AG,1,0.0002
Swiss Post,1,0.0002
Swiss Post Cybersecurity,1,0.0002
Swiss Post Digital Government AG,1,0.0002
Swiss Timing,1,0.0002
Swiss-Ski,1,0.0002
SwissDrones Operating AG,1,0.0002
Swisscanto Fund Management Company Ltd.,1,0.0002
Swisslinx AG,1,0.0002
Swissmedic,1,0.0002
Swissquote Bank,1,0.0002
Syngenta,1,0.0002
Syz Group,1,0.0002
T. Rowe Price,1,0.0002
TBF + Partner AG,1,0.0002
TE Web GmbH,1,0.0002
TGW Logistics,1,0.0002
TMC,1,0.0002
TORMAX,1,0.0002
TRINAMO AG,1,0.0002
TTMS Schweiz AG,1,0.0002
Talent Access Technologies,1,0.0002
Talent Sutra,1,0.0002
Talents Connection Sarl,1,0.0002
Talmatch,1,0.0002
Tangent International,1,0.0002
Tanner & Co. AG,1,0.0002
Tata Consultancy Services,1,0.0002
Team Partners Suisse SA,1,0.0002
Tech Mahindra,1,0.0002
TechTree,1,0.0002
Technis,1,0.0002
Templeton & Partners - Innovative & Inclusive Hiring Solutions,1,0.0002
Terre des hommes foundation,1,0.0002
TetraScience,1,0.0002
Texas Instruments Europe,1,0.0002
"The Global Fund to fight Aids, Tuberculosis and Malaria",1,0.0002
The Jeffcoat Firm,1,0.0002
The Nuance Group AG,1,0.0002
The Payments Association EU,1,0.0002
Thoma & Partner Management Consulting AG,1,0.0002
Threema,1,0.0002
TieTalent SA,1,0.0002
Tiffany & Co.,1,0.0002
Translait S.A.,1,0.0002
Transports publics genevois (TPG),1,0.0002
Tremegisto Consulting AG,1,0.0002
Tribunal fédéral TF,1,0.0002
TripleLift,1,0.0002
Typewise,1,0.0002
UBAG Ingenieure & Planer AG,1,0.0002
UBS Card Center AG,1,0.0002
UCB,1,0.0002
UCB-Pharma SA,1,0.0002
Umanova SA,1,0.0002
Unic AG,1,0.0002
United Machining Solutions,1,0.0002
Universal Gebäudemanagement AG,1,0.0002
University of Bern,1,0.0002
University of St.Gallen,1,0.0002
Universität Basel,1,0.0002
Universität Zürich,1,0.0002
Universitätsklinik Balgrist,1,0.0002
Université de Lausanne,1,0.0002
Usines Métallurgiques de Vallorbe SA,1,0.0002
V-ZUG,1,0.0002
VANGARD AG,1,0.0002
VELUX Schweiz AG,1,0.0002
VIVADATA,1,0.0002
VONDO AG,1,0.0002
Veeam Software,1,0.0002
Ventoo AG,1,0.0002
Verein Schweizerisches Rotes Kreuz,1,0.0002
Verein Sozialmedizinisches Zentrum Oberwallis,1,0.0002
Vetropack S.A.,1,0.0002
ViaTec AG,1,0.0002
Viasat,1,0.0002
Vina Cosmetics AG,1,0.0002
VirtaMed,1,0.0002
Virtusan,1,0.0002
Viseca,1,0.0002
Visiativ Switzerland AG,1,0.0002
Vision 2 Action SA,1,0.0002
Vorwerk Group,1,0.0002
Vorwerk Home & Co. KmG,1,0.0002
Vyntra Global,1,0.0002
WHD Consulting Ltd.,1,0.0002
WIDE,1,0.0002
WILCO AG,1,0.0002
WISS Schulen für Wirtschaft Informatik Immobilien AG,1,0.0002
WIT PARTNERS SA,1,0.0002
WTW (Willis Towers Watson GmbH) (DE),1,0.0002
WWZ Energie AG,1,0.0002
Walder Wyss AG,1,0.0002
Walter Mäder AG,1,0.0002
Well Gesundheit AG,1,0.0002
Wenger Automation & Engineering AG,1,0.0002
Werren & Thomann,1,0.0002
Westhouse Schweiz AG,1,0.0002
Wey Group AG,1,0.0002
Wincasa,1,0.0002
Winet Voicetec Solutions AG,1,0.0002
Wiz,1,0.0002
Wonderful,1,0.0002
Wyna Informatik GmbH,1,0.0002
Würth IT Switzerland AG,1,0.0002
XB Consultants,1,0.0002
Xelon AG,1,0.0002
Xelvin,1,0.0002
Xovis AG,1,0.0002
YunoJuno,1,0.0002
ZLZ Zentrallabor AG,1,0.0002
ZUKEN INDIA PVT LTD,1,0.0002
Zeit AG,1,0.0002
Zellweger Management Consultants AG,1,0.0002
Zentrale Ausgleichsstelle ZAS,1,0.0002
Zibris AG,1,0.0002
Zimmerberg Informatik AG,1,0.0002
Zuger Kantonalbank,1,0.0002
Zugerberg Finanz AG,1,0.0002
Zurich Instruments,1,0.0002
Zurich Instruments AG,1,0.0002
Zweifel Chips & Snacks AG,1,0.0002
Zünd Systemtechnik AG,1,0.0002
Zürich Versicherungs-Gesellschaft AG,1,0.0002
"Zürich Versicherungs-Gesellschaft AG, Regionalsitz Zürich",1,0.0002
abicon GmbH,1,0.0002
accelerIT GmbH,1,0.0002
aebi connect,1,0.0002
alltitude SA,1,0.0002
amétiq connect ag,1,0.0002
apheros,1,0.0002
app-room GmbH,1,0.0002
atrete,1,0.0002
axapharm ag,1,0.0002
bexio AG,1,0.0002
blp,1,0.0002
bytes at work AG,1,0.0002
cbs Corporate Business Solutions,1,0.0002
coni+partner AG,1,0.0002
contagi,1,0.0002
cyon AG,1,0.0002
devedis,1,0.0002
e+a Elektromaschinen und Antriebe AG,1,0.0002
e3 AG,1,0.0002
eClerx,1,0.0002
eMonitor AG,1,0.0002
ekona.ai,1,0.0002
emagine,1,0.0002
emineo Spain,1,0.0002
enshift AG,1,0.0002
etera,1,0.0002
etrex GmbH,1,0.0002
ewz,1,0.0002
fifty-five,1,0.0002
gateB,1,0.0002
greenteg AG,1,0.0002
healthinal,1,0.0002
healthinal AG,1,0.0002
hostettler ag,1,0.0002
humanik AG,1,0.0002
hypt GmbH,1,0.0002
iTrust AG,1,0.0002
informatica ag,1,0.0002
its zug - IT Services Zug AG,1,0.0002
keyIT SA,1,0.0002
knowmad mood,1,0.0002
medmix,1,0.0002
mesoneer AG,1,0.0002
moe & company,1,0.0002
mp technology AG,1,0.0002
myGwork - LGBTQ+ Business Community,1,0.0002
nanoTRONIC,1,0.0002
ndd Medizintechnik AG,1,0.0002
netconnex GmbH,1,0.0002
nettworx GmbH,1,0.0002
neuco,1,0.0002
nexellent ag,1,0.0002
oprandi & partner ag,1,0.0002
peoplefone Switzerland,1,0.0002
qiibee,1,0.0002
redalpine,1,0.0002
restful,1,0.0002
rready,1,0.0002
selected sa,1,0.0002
sercle GmbH,1,0.0002
skyquest AG,1,0.0002
smart-me AG,1,0.0002
smartfactory AG,1,0.0002
socraft,1,0.0002
soobr - smart cleaning,1,0.0002
staff.ch,1,0.0002
swenex – swiss energy exchange Ltd.,1,0.0002
techexperts4you ag,1,0.0002
webwirkung GmbH,1,0.0002
whatwedo GmbH,1,0.0002
witcom ag,1,0.0002
ÖKK Holding AG,1,0.0002
ÖKK Versicherungen AG,1,0.0002
