week_start,canton,role_category,published_count,closed_count,net_change
2023-11-20,Unknown,devops_cloud_platform,1,0,1
2023-11-20,ZH,devops_cloud_platform,4,0,4
2024-01-01,BE,Unknown,1,0,1
2024-01-01,BS,Unknown,1,0,1
2024-01-01,BS,software_engineering,1,0,1
2024-01-01,BS,support_operations,1,0,1
2024-01-01,GE,security,1,0,1
2024-01-01,ZH,software_engineering,1,0,1
2024-01-08,BE,data_ai,1,0,1
2024-01-08,GR,product_project_analysis,1,0,1
2024-01-08,ZH,software_engineering,1,0,1
2024-01-29,ZH,software_engineering,1,0,1
2024-02-19,NE,devops_cloud_platform,1,0,1
2024-02-19,TI,Unknown,1,0,1
2024-02-26,NE,data_ai,2,0,2
2024-03-18,VD,software_engineering,1,0,1
2024-04-01,ZH,devops_cloud_platform,1,0,1
2024-04-01,ZH,security,3,0,3
2024-04-01,ZH,software_engineering,1,0,1
2024-04-08,BE,devops_cloud_platform,1,0,1
2024-04-15,GE,security,1,0,1
2024-04-22,AG,devops_cloud_platform,1,0,1
2024-04-22,BE,data_ai,2,0,2
2024-04-22,BE,devops_cloud_platform,1,0,1
2024-04-22,BE,product_project_analysis,3,0,3
2024-04-22,BS,Unknown,1,0,1
2024-04-22,BS,devops_cloud_platform,1,0,1
2024-04-22,LU,product_project_analysis,1,0,1
2024-04-22,TI,devops_cloud_platform,3,0,3
2024-04-22,TI,software_engineering,1,0,1
2024-04-22,TI,support_operations,1,0,1
2024-04-22,Unknown,security,1,0,1
2024-04-22,ZH,data_ai,1,0,1
2024-04-22,ZH,devops_cloud_platform,1,0,1
2024-04-22,ZH,product_project_analysis,1,0,1
2024-04-22,ZH,software_engineering,2,0,2
2024-04-22,ZH,support_operations,1,0,1
2024-04-29,NE,Unknown,1,0,1
2024-04-29,ZH,devops_cloud_platform,1,0,1
2024-04-29,ZH,security,1,0,1
2024-05-06,GE,software_engineering,3,0,3
2024-05-06,SG,devops_cloud_platform,1,0,1
2024-05-06,SG,security,1,0,1
2024-05-06,SG,software_engineering,6,0,6
2024-05-06,SO,erp_business_systems,1,0,1
2024-05-06,SZ,Unknown,1,0,1
2024-05-06,ZH,devops_cloud_platform,2,0,2
2024-05-06,ZH,software_engineering,1,0,1
2024-05-20,ZH,devops_cloud_platform,1,0,1
2024-05-27,GE,product_project_analysis,1,0,1
2024-05-27,LU,software_engineering,1,0,1
2024-05-27,Unknown,devops_cloud_platform,1,0,1
2024-05-27,ZH,devops_cloud_platform,1,0,1
2024-05-27,ZH,software_engineering,3,0,3
2024-05-27,ZH,support_operations,1,0,1
2024-06-17,LU,software_engineering,1,0,1
2024-06-24,SG,software_engineering,1,0,1
2024-07-15,SZ,software_engineering,1,0,1
2024-08-05,SZ,data_ai,1,0,1
2024-08-19,ZH,devops_cloud_platform,1,0,1
2024-08-19,ZH,security,1,0,1
2024-08-19,ZH,software_engineering,1,0,1
2024-09-02,ZH,security,1,0,1
2024-09-09,ZH,software_engineering,1,0,1
2024-09-16,SG,software_engineering,1,0,1
2024-09-30,ZH,security,1,0,1
2024-10-07,BE,software_engineering,1,0,1
2024-10-14,ZH,security,1,0,1
2024-10-28,ZH,data_ai,1,0,1
2024-11-04,BE,security,1,0,1
2024-11-04,GE,support_operations,1,0,1
2024-11-04,ZH,Unknown,1,0,1
2024-11-11,BE,Unknown,1,0,1
2024-11-11,SG,devops_cloud_platform,3,0,3
2024-11-18,ZH,product_project_analysis,1,0,1
2024-11-25,LU,software_engineering,1,0,1
2024-11-25,ZH,security,2,0,2
2024-12-02,SO,erp_business_systems,1,0,1
2024-12-09,VD,software_engineering,3,0,3
2024-12-16,ZH,security,1,0,1
2024-12-23,ZH,product_project_analysis,1,0,1
2025-01-13,BE,devops_cloud_platform,1,0,1
2025-01-13,BE,software_engineering,1,0,1
2025-01-20,BE,devops_cloud_platform,2,0,2
2025-01-20,BE,software_engineering,1,0,1
2025-01-20,BS,data_ai,2,0,2
2025-01-20,GE,product_project_analysis,1,0,1
2025-01-20,GE,software_engineering,1,0,1
2025-01-20,GE,support_operations,1,0,1
2025-01-20,Unknown,Unknown,2,0,2
2025-01-20,Unknown,software_engineering,1,0,1
2025-01-20,ZH,devops_cloud_platform,1,0,1
2025-01-20,ZH,software_engineering,2,0,2
2025-01-27,ZH,data_ai,1,0,1
2025-01-27,ZH,security,1,0,1
2025-02-03,AG,Unknown,1,0,1
2025-02-10,ZH,devops_cloud_platform,1,0,1
2025-02-10,ZH,software_engineering,2,0,2
2025-03-10,ZH,data_ai,1,0,1
2025-03-17,Unknown,security,1,0,1
2025-03-24,BS,software_engineering,3,0,3
2025-03-31,GE,product_project_analysis,1,0,1
2025-03-31,ZH,devops_cloud_platform,2,0,2
2025-03-31,ZH,product_project_analysis,1,0,1
2025-04-07,BS,software_engineering,3,0,3
2025-04-07,TI,Unknown,1,0,1
2025-04-14,FR,software_engineering,1,0,1
2025-04-14,ZH,Unknown,1,0,1
2025-05-05,AG,devops_cloud_platform,1,0,1
2025-05-12,BE,software_engineering,1,0,1
2025-05-12,BS,product_project_analysis,1,0,1
2025-05-12,SZ,devops_cloud_platform,1,0,1
2025-05-12,ZH,software_engineering,1,0,1
2025-05-19,BE,product_project_analysis,1,0,1
2025-05-19,GE,software_engineering,2,0,2
2025-05-26,BE,software_engineering,1,0,1
2025-05-26,BS,security,2,0,2
2025-05-26,GE,security,1,0,1
2025-05-26,ZH,Unknown,3,0,3
2025-05-26,ZH,data_ai,1,0,1
2025-05-26,ZH,product_project_analysis,2,0,2
2025-06-02,GR,software_engineering,1,0,1
2025-06-02,SG,devops_cloud_platform,1,0,1
2025-06-02,ZH,support_operations,1,0,1
2025-06-16,BE,software_engineering,1,0,1
2025-06-16,BS,software_engineering,1,0,1
2025-06-16,VD,product_project_analysis,1,0,1
2025-06-23,BE,software_engineering,4,0,4
2025-06-23,SG,devops_cloud_platform,1,0,1
2025-06-23,Unknown,devops_cloud_platform,1,0,1
2025-06-23,ZG,devops_cloud_platform,2,0,2
2025-06-30,BE,devops_cloud_platform,1,0,1
2025-06-30,ZG,security,1,0,1
2025-06-30,ZH,devops_cloud_platform,1,0,1
2025-06-30,ZH,security,1,0,1
2025-06-30,ZH,support_operations,1,0,1
2025-07-07,AG,devops_cloud_platform,1,0,1
2025-07-07,AG,software_engineering,1,0,1
2025-07-07,BS,Unknown,1,0,1
2025-07-07,ZH,data_ai,2,0,2
2025-07-07,ZH,security,1,0,1
2025-07-07,ZH,software_engineering,2,0,2
2025-07-14,GE,software_engineering,1,0,1
2025-07-14,ZH,devops_cloud_platform,2,0,2
2025-07-14,ZH,security,1,0,1
2025-07-21,BE,devops_cloud_platform,1,0,1
2025-07-21,BS,product_project_analysis,1,0,1
2025-07-21,BS,software_engineering,1,0,1
2025-07-21,LU,security,3,0,3
2025-07-21,SG,devops_cloud_platform,2,0,2
2025-07-21,SZ,software_engineering,1,0,1
2025-07-21,Unknown,data_ai,1,0,1
2025-07-21,Unknown,devops_cloud_platform,2,0,2
2025-07-21,Unknown,product_project_analysis,1,0,1
2025-07-21,Unknown,software_engineering,5,0,5
2025-07-21,VD,product_project_analysis,1,0,1
2025-07-21,ZH,data_ai,1,0,1
2025-07-21,ZH,devops_cloud_platform,4,0,4
2025-07-21,ZH,security,1,0,1
2025-07-21,ZH,software_engineering,3,0,3
2025-07-21,ZH,support_operations,1,0,1
2025-07-28,BE,support_operations,1,0,1
2025-07-28,BS,support_operations,1,0,1
2025-07-28,FR,software_engineering,1,0,1
2025-07-28,LU,devops_cloud_platform,1,0,1
2025-07-28,SG,software_engineering,1,0,1
2025-07-28,SZ,devops_cloud_platform,1,0,1
2025-07-28,Unknown,support_operations,1,0,1
2025-07-28,ZH,devops_cloud_platform,2,0,2
2025-07-28,ZH,security,2,0,2
2025-07-28,ZH,software_engineering,2,0,2
2025-08-04,AG,Unknown,1,0,1
2025-08-04,BL,software_engineering,1,0,1
2025-08-04,ZH,security,1,0,1
2025-08-04,ZH,support_operations,1,0,1
2025-08-11,BE,data_ai,1,0,1
2025-08-11,BE,devops_cloud_platform,1,0,1
2025-08-11,BE,software_engineering,1,0,1
2025-08-11,Unknown,devops_cloud_platform,1,0,1
2025-08-11,Unknown,software_engineering,1,0,1
2025-08-11,ZH,devops_cloud_platform,2,0,2
2025-08-11,ZH,security,1,0,1
2025-08-18,AG,Unknown,1,0,1
2025-08-18,BE,data_ai,1,0,1
2025-08-18,BE,software_engineering,1,0,1
2025-08-18,Unknown,data_ai,1,0,1
2025-08-18,ZH,data_ai,1,0,1
2025-08-18,ZH,product_project_analysis,1,0,1
2025-08-18,ZH,security,1,0,1
2025-08-18,ZH,software_engineering,1,0,1
2025-08-25,AG,devops_cloud_platform,1,0,1
2025-08-25,BE,devops_cloud_platform,1,0,1
2025-08-25,BS,data_ai,3,0,3
2025-08-25,GE,security,1,0,1
2025-08-25,GE,software_engineering,1,0,1
2025-08-25,ZH,Unknown,2,0,2
2025-08-25,ZH,data_ai,3,0,3
2025-08-25,ZH,devops_cloud_platform,1,0,1
2025-08-25,ZH,security,1,0,1
2025-08-25,ZH,software_engineering,2,0,2
2025-09-01,GE,security,1,0,1
2025-09-01,SG,devops_cloud_platform,1,0,1
2025-09-01,SZ,Unknown,1,0,1
2025-09-01,TG,security,1,0,1
2025-09-01,ZH,devops_cloud_platform,1,0,1
2025-09-08,BS,Unknown,1,0,1
2025-09-08,GE,Unknown,1,0,1
2025-09-08,GE,software_engineering,1,0,1
2025-09-08,LU,devops_cloud_platform,1,0,1
2025-09-08,NE,software_engineering,1,0,1
2025-09-08,ZH,software_engineering,2,0,2
2025-09-15,BE,software_engineering,1,0,1
2025-09-15,BS,Unknown,1,0,1
2025-09-15,BS,devops_cloud_platform,1,0,1
2025-09-15,GE,Unknown,2,0,2
2025-09-15,SG,Unknown,1,0,1
2025-09-15,SG,product_project_analysis,1,0,1
2025-09-15,SZ,devops_cloud_platform,1,0,1
2025-09-15,TI,ux_ui_design,1,0,1
2025-09-15,Unknown,software_engineering,2,0,2
2025-09-15,VD,product_project_analysis,1,0,1
2025-09-15,VS,product_project_analysis,1,0,1
2025-09-15,ZG,software_engineering,1,0,1
2025-09-15,ZH,devops_cloud_platform,2,0,2
2025-09-15,ZH,product_project_analysis,2,0,2
2025-09-15,ZH,security,3,0,3
2025-09-15,ZH,software_engineering,2,0,2
2025-09-22,AR,devops_cloud_platform,1,0,1
2025-09-22,BE,software_engineering,2,0,2
2025-09-22,GE,Unknown,1,0,1
2025-09-22,GE,software_engineering,1,0,1
2025-09-22,GE,support_operations,2,0,2
2025-09-22,LU,security,1,0,1
2025-09-22,SZ,devops_cloud_platform,1,0,1
2025-09-22,Unknown,devops_cloud_platform,1,0,1
2025-09-22,Unknown,software_engineering,1,0,1
2025-09-22,VD,product_project_analysis,1,0,1
2025-09-22,VS,product_project_analysis,1,0,1
2025-09-22,ZH,devops_cloud_platform,1,0,1
2025-09-22,ZH,software_engineering,2,0,2
2025-09-29,AG,devops_cloud_platform,1,0,1
2025-09-29,AG,support_operations,1,0,1
2025-09-29,BE,security,1,0,1
2025-09-29,BE,software_engineering,1,0,1
2025-09-29,BL,devops_cloud_platform,1,0,1
2025-09-29,BS,devops_cloud_platform,1,0,1
2025-09-29,LU,security,1,0,1
2025-09-29,NE,Unknown,1,0,1
2025-09-29,NE,software_engineering,1,0,1
2025-09-29,SG,Unknown,1,0,1
2025-09-29,SZ,security,1,0,1
2025-09-29,ZH,data_ai,1,0,1
2025-09-29,ZH,devops_cloud_platform,1,0,1
2025-09-29,ZH,security,1,0,1
2025-10-06,AG,support_operations,1,0,1
2025-10-06,GE,Unknown,1,0,1
2025-10-06,Unknown,data_ai,1,0,1
2025-10-06,ZG,devops_cloud_platform,1,0,1
2025-10-06,ZH,Unknown,5,0,5
2025-10-06,ZH,devops_cloud_platform,1,0,1
2025-10-06,ZH,software_engineering,3,0,3
2025-10-06,ZH,support_operations,1,0,1
2025-10-13,AG,devops_cloud_platform,1,0,1
2025-10-13,BE,software_engineering,1,0,1
2025-10-13,BE,support_operations,1,0,1
2025-10-13,GE,Unknown,1,0,1
2025-10-13,GR,devops_cloud_platform,1,0,1
2025-10-13,Unknown,devops_cloud_platform,1,0,1
2025-10-13,ZH,product_project_analysis,1,0,1
2025-10-13,ZH,software_engineering,1,0,1
2025-10-20,AG,devops_cloud_platform,1,0,1
2025-10-20,BE,qa_testing,1,0,1
2025-10-20,BE,software_engineering,1,0,1
2025-10-20,SG,devops_cloud_platform,2,0,2
2025-10-20,ZG,devops_cloud_platform,1,0,1
2025-10-20,ZH,data_ai,1,0,1
2025-10-20,ZH,security,2,0,2
2025-10-20,ZH,software_engineering,1,0,1
2025-10-27,SG,devops_cloud_platform,1,0,1
2025-10-27,TG,software_engineering,1,0,1
2025-10-27,Unknown,devops_cloud_platform,1,0,1
2025-10-27,Unknown,product_project_analysis,1,0,1
2025-10-27,ZG,security,2,0,2
2025-10-27,ZH,software_engineering,2,0,2
2025-11-03,BS,Unknown,1,0,1
2025-11-03,GE,support_operations,2,0,2
2025-11-03,SG,devops_cloud_platform,2,0,2
2025-11-03,TG,devops_cloud_platform,1,0,1
2025-11-03,Unknown,software_engineering,2,0,2
2025-11-03,ZH,devops_cloud_platform,1,0,1
2025-11-03,ZH,security,1,0,1
2025-11-03,ZH,software_engineering,3,0,3
2025-11-10,AG,security,1,0,1
2025-11-10,AG,software_engineering,1,0,1
2025-11-10,AG,support_operations,1,0,1
2025-11-10,BE,Unknown,1,0,1
2025-11-10,GE,data_ai,2,0,2
2025-11-10,SG,software_engineering,1,0,1
2025-11-10,SO,devops_cloud_platform,1,0,1
2025-11-10,VD,support_operations,1,0,1
2025-11-10,VS,qa_testing,1,0,1
2025-11-10,ZH,Unknown,1,0,1
2025-11-10,ZH,devops_cloud_platform,4,0,4
2025-11-10,ZH,erp_business_systems,2,0,2
2025-11-10,ZH,software_engineering,4,0,4
2025-11-17,AG,devops_cloud_platform,2,0,2
2025-11-17,BE,Unknown,1,0,1
2025-11-17,BE,security,1,0,1
2025-11-17,GE,security,1,0,1
2025-11-17,GE,software_engineering,3,0,3
2025-11-17,SG,Unknown,1,0,1
2025-11-17,SO,data_ai,1,0,1
2025-11-17,Unknown,devops_cloud_platform,1,0,1
2025-11-17,ZH,Unknown,1,0,1
2025-11-17,ZH,devops_cloud_platform,10,0,10
2025-11-17,ZH,product_project_analysis,5,0,5
2025-11-17,ZH,software_engineering,2,0,2
2025-11-24,AG,software_engineering,2,0,2
2025-11-24,BE,devops_cloud_platform,1,0,1
2025-11-24,BE,software_engineering,1,0,1
2025-11-24,BS,support_operations,1,0,1
2025-11-24,GE,product_project_analysis,1,0,1
2025-11-24,GE,software_engineering,1,0,1
2025-11-24,Unknown,data_ai,2,0,2
2025-11-24,Unknown,product_project_analysis,1,0,1
2025-11-24,Unknown,security,1,0,1
2025-11-24,ZH,security,3,0,3
2025-12-01,AG,devops_cloud_platform,1,0,1
2025-12-01,BE,devops_cloud_platform,1,0,1
2025-12-01,BE,support_operations,1,0,1
2025-12-01,BS,product_project_analysis,1,0,1
2025-12-01,NE,software_engineering,2,0,2
2025-12-01,SG,devops_cloud_platform,1,0,1
2025-12-01,SG,software_engineering,1,0,1
2025-12-01,Unknown,software_engineering,1,0,1
2025-12-01,ZH,Unknown,2,0,2
2025-12-01,ZH,devops_cloud_platform,1,0,1
2025-12-01,ZH,product_project_analysis,1,0,1
2025-12-01,ZH,security,2,0,2
2025-12-01,ZH,software_engineering,4,0,4
2025-12-08,AR,software_engineering,1,0,1
2025-12-08,BE,erp_business_systems,1,0,1
2025-12-08,BE,product_project_analysis,1,0,1
2025-12-08,BE,software_engineering,1,0,1
2025-12-08,BS,devops_cloud_platform,3,0,3
2025-12-08,BS,product_project_analysis,1,0,1
2025-12-08,FR,security,1,0,1
2025-12-08,GE,Unknown,1,0,1
2025-12-08,GE,data_ai,1,0,1
2025-12-08,GE,erp_business_systems,1,0,1
2025-12-08,GE,qa_testing,1,0,1
2025-12-08,GE,security,1,0,1
2025-12-08,GE,software_engineering,1,0,1
2025-12-08,LU,software_engineering,1,0,1
2025-12-08,Unknown,Unknown,1,0,1
2025-12-08,VD,qa_testing,1,0,1
2025-12-08,ZG,security,2,0,2
2025-12-08,ZH,Unknown,1,0,1
2025-12-08,ZH,data_ai,3,0,3
2025-12-08,ZH,devops_cloud_platform,2,0,2
2025-12-08,ZH,product_project_analysis,1,0,1
2025-12-08,ZH,security,1,0,1
2025-12-08,ZH,software_engineering,10,0,10
2025-12-08,ZH,support_operations,1,0,1
2025-12-15,AG,security,1,0,1
2025-12-15,BE,data_ai,1,0,1
2025-12-15,BE,devops_cloud_platform,4,0,4
2025-12-15,BS,security,2,0,2
2025-12-15,GE,Unknown,1,0,1
2025-12-15,GE,devops_cloud_platform,1,0,1
2025-12-15,GE,security,1,0,1
2025-12-15,GE,support_operations,1,0,1
2025-12-15,LU,software_engineering,1,0,1
2025-12-15,SG,software_engineering,1,0,1
2025-12-15,SH,devops_cloud_platform,2,0,2
2025-12-15,SO,Unknown,1,0,1
2025-12-15,SO,devops_cloud_platform,1,0,1
2025-12-15,SO,support_operations,1,0,1
2025-12-15,SZ,devops_cloud_platform,2,0,2
2025-12-15,TG,Unknown,1,0,1
2025-12-15,Unknown,devops_cloud_platform,4,0,4
2025-12-15,Unknown,software_engineering,3,0,3
2025-12-15,Unknown,support_operations,1,0,1
2025-12-15,ZG,software_engineering,1,0,1
2025-12-15,ZH,Unknown,4,0,4
2025-12-15,ZH,devops_cloud_platform,11,0,11
2025-12-15,ZH,qa_testing,1,0,1
2025-12-15,ZH,software_engineering,2,0,2
2025-12-15,ZH,support_operations,2,0,2
2025-12-22,BE,product_project_analysis,1,0,1
2025-12-22,BE,software_engineering,1,0,1
2025-12-22,SG,software_engineering,1,0,1
2025-12-22,SO,qa_testing,1,0,1
2025-12-22,ZH,Unknown,1,0,1
2025-12-22,ZH,devops_cloud_platform,1,0,1
2025-12-22,ZH,software_engineering,2,0,2
2025-12-29,BE,devops_cloud_platform,2,0,2
2025-12-29,BE,erp_business_systems,1,0,1
2025-12-29,BS,devops_cloud_platform,2,0,2
2025-12-29,FR,security,1,0,1
2025-12-29,TG,software_engineering,1,0,1
2025-12-29,ZH,Unknown,1,0,1
2025-12-29,ZH,devops_cloud_platform,2,0,2
2025-12-29,ZH,software_engineering,3,0,3
2026-01-05,AG,devops_cloud_platform,1,0,1
2026-01-05,BE,Unknown,2,0,2
2026-01-05,BE,devops_cloud_platform,1,0,1
2026-01-05,BE,software_engineering,1,0,1
2026-01-05,BS,product_project_analysis,2,0,2
2026-01-05,GE,security,2,0,2
2026-01-05,GE,software_engineering,1,0,1
2026-01-05,SG,software_engineering,1,0,1
2026-01-05,SO,erp_business_systems,2,0,2
2026-01-05,TG,devops_cloud_platform,1,0,1
2026-01-05,Unknown,devops_cloud_platform,1,0,1
2026-01-05,Unknown,software_engineering,2,0,2
2026-01-05,ZH,data_ai,2,0,2
2026-01-05,ZH,devops_cloud_platform,4,0,4
2026-01-05,ZH,product_project_analysis,2,0,2
2026-01-05,ZH,qa_testing,1,0,1
2026-01-05,ZH,security,2,0,2
2026-01-05,ZH,software_engineering,2,0,2
2026-01-12,AG,devops_cloud_platform,5,0,5
2026-01-12,AG,security,6,0,6
2026-01-12,AG,software_engineering,4,0,4
2026-01-12,BE,devops_cloud_platform,1,0,1
2026-01-12,BE,software_engineering,1,0,1
2026-01-12,BS,devops_cloud_platform,3,0,3
2026-01-12,BS,software_engineering,2,0,2
2026-01-12,BS,support_operations,1,0,1
2026-01-12,GE,data_ai,1,0,1
2026-01-12,GR,Unknown,1,0,1
2026-01-12,LU,devops_cloud_platform,1,0,1
2026-01-12,LU,software_engineering,1,0,1
2026-01-12,SG,devops_cloud_platform,2,0,2
2026-01-12,SO,devops_cloud_platform,1,0,1
2026-01-12,TG,software_engineering,1,0,1
2026-01-12,Unknown,devops_cloud_platform,8,0,8
2026-01-12,Unknown,product_project_analysis,1,0,1
2026-01-12,Unknown,software_engineering,2,0,2
2026-01-12,Unknown,support_operations,1,0,1
2026-01-12,VD,Unknown,1,0,1
2026-01-12,ZH,Unknown,3,0,3
2026-01-12,ZH,data_ai,2,0,2
2026-01-12,ZH,devops_cloud_platform,6,0,6
2026-01-12,ZH,security,1,0,1
2026-01-12,ZH,support_operations,2,0,2
2026-01-19,BE,data_ai,1,0,1
2026-01-19,BL,software_engineering,1,0,1
2026-01-19,BS,data_ai,1,0,1
2026-01-19,GE,Unknown,1,0,1
2026-01-19,GE,software_engineering,1,0,1
2026-01-19,SG,support_operations,2,0,2
2026-01-19,SO,devops_cloud_platform,1,0,1
2026-01-19,TG,devops_cloud_platform,1,0,1
2026-01-19,TI,Unknown,1,0,1
2026-01-19,TI,software_engineering,1,0,1
2026-01-19,Unknown,data_ai,1,0,1
2026-01-19,VD,data_ai,1,0,1
2026-01-19,VD,product_project_analysis,2,0,2
2026-01-19,ZH,Unknown,1,0,1
2026-01-19,ZH,data_ai,1,0,1
2026-01-19,ZH,devops_cloud_platform,4,0,4
2026-01-19,ZH,product_project_analysis,2,0,2
2026-01-19,ZH,security,8,0,8
2026-01-19,ZH,software_engineering,1,0,1
2026-01-19,ZH,support_operations,1,0,1
2026-01-26,AG,security,1,0,1
2026-01-26,AR,product_project_analysis,1,0,1
2026-01-26,AR,software_engineering,2,0,2
2026-01-26,AR,support_operations,1,0,1
2026-01-26,BE,Unknown,1,0,1
2026-01-26,BE,devops_cloud_platform,1,0,1
2026-01-26,BE,software_engineering,1,0,1
2026-01-26,BE,support_operations,2,0,2
2026-01-26,BL,devops_cloud_platform,1,0,1
2026-01-26,BL,product_project_analysis,1,0,1
2026-01-26,BL,software_engineering,2,0,2
2026-01-26,BS,devops_cloud_platform,12,0,12
2026-01-26,FR,security,1,0,1
2026-01-26,GE,Unknown,2,0,2
2026-01-26,GE,product_project_analysis,1,0,1
2026-01-26,LU,support_operations,1,0,1
2026-01-26,NE,Unknown,1,0,1
2026-01-26,SG,product_project_analysis,1,0,1
2026-01-26,SG,software_engineering,2,0,2
2026-01-26,SG,support_operations,1,0,1
2026-01-26,SO,devops_cloud_platform,2,0,2
2026-01-26,SO,support_operations,1,0,1
2026-01-26,Unknown,devops_cloud_platform,2,0,2
2026-01-26,Unknown,software_engineering,2,0,2
2026-01-26,Unknown,support_operations,3,0,3
2026-01-26,VD,Unknown,1,0,1
2026-01-26,ZH,Unknown,4,0,4
2026-01-26,ZH,data_ai,1,0,1
2026-01-26,ZH,devops_cloud_platform,5,0,5
2026-01-26,ZH,product_project_analysis,1,0,1
2026-01-26,ZH,software_engineering,7,0,7
2026-01-26,ZH,support_operations,2,0,2
2026-02-02,AG,security,1,0,1
2026-02-02,BE,Unknown,1,0,1
2026-02-02,BE,devops_cloud_platform,1,0,1
2026-02-02,BE,software_engineering,1,0,1
2026-02-02,BS,security,1,0,1
2026-02-02,FR,Unknown,2,0,2
2026-02-02,GE,Unknown,2,0,2
2026-02-02,GE,software_engineering,1,0,1
2026-02-02,GE,support_operations,3,0,3
2026-02-02,LU,Unknown,1,0,1
2026-02-02,SG,Unknown,1,0,1
2026-02-02,SG,devops_cloud_platform,1,0,1
2026-02-02,SG,product_project_analysis,2,0,2
2026-02-02,SG,software_engineering,1,0,1
2026-02-02,SH,devops_cloud_platform,1,0,1
2026-02-02,TG,security,1,0,1
2026-02-02,TI,software_engineering,1,0,1
2026-02-02,Unknown,devops_cloud_platform,1,0,1
2026-02-02,Unknown,security,1,0,1
2026-02-02,Unknown,software_engineering,1,0,1
2026-02-02,ZH,Unknown,1,0,1
2026-02-02,ZH,devops_cloud_platform,8,0,8
2026-02-02,ZH,product_project_analysis,1,0,1
2026-02-02,ZH,qa_testing,1,0,1
2026-02-02,ZH,security,9,0,9
2026-02-02,ZH,software_engineering,5,0,5
2026-02-02,ZH,support_operations,3,0,3
2026-02-09,AG,Unknown,2,0,2
2026-02-09,BE,devops_cloud_platform,7,0,7
2026-02-09,BE,software_engineering,2,0,2
2026-02-09,BS,devops_cloud_platform,1,0,1
2026-02-09,GE,Unknown,1,0,1
2026-02-09,GE,data_ai,1,0,1
2026-02-09,GE,devops_cloud_platform,1,0,1
2026-02-09,GE,security,1,0,1
2026-02-09,LU,data_ai,2,0,2
2026-02-09,LU,devops_cloud_platform,2,0,2
2026-02-09,LU,software_engineering,2,0,2
2026-02-09,SG,devops_cloud_platform,1,0,1
2026-02-09,SG,software_engineering,3,0,3
2026-02-09,SO,Unknown,2,0,2
2026-02-09,SZ,software_engineering,1,0,1
2026-02-09,SZ,support_operations,1,0,1
2026-02-09,TI,software_engineering,2,0,2
2026-02-09,Unknown,Unknown,3,0,3
2026-02-09,Unknown,data_ai,1,0,1
2026-02-09,Unknown,devops_cloud_platform,7,0,7
2026-02-09,Unknown,software_engineering,5,0,5
2026-02-09,VD,software_engineering,2,0,2
2026-02-09,VS,devops_cloud_platform,2,0,2
2026-02-09,ZG,devops_cloud_platform,1,0,1
2026-02-09,ZG,software_engineering,1,0,1
2026-02-09,ZH,Unknown,3,0,3
2026-02-09,ZH,data_ai,2,0,2
2026-02-09,ZH,devops_cloud_platform,10,0,10
2026-02-09,ZH,erp_business_systems,1,0,1
2026-02-09,ZH,product_project_analysis,9,0,9
2026-02-09,ZH,security,3,0,3
2026-02-09,ZH,software_engineering,10,0,10
2026-02-09,ZH,support_operations,15,0,15
2026-02-16,AG,Unknown,5,0,5
2026-02-16,AG,devops_cloud_platform,3,0,3
2026-02-16,AG,product_project_analysis,1,0,1
2026-02-16,AG,software_engineering,5,0,5
2026-02-16,BE,Unknown,2,0,2
2026-02-16,BE,devops_cloud_platform,1,0,1
2026-02-16,BE,security,1,0,1
2026-02-16,BE,software_engineering,7,0,7
2026-02-16,BE,support_operations,3,0,3
2026-02-16,BL,devops_cloud_platform,1,0,1
2026-02-16,BS,Unknown,1,0,1
2026-02-16,BS,devops_cloud_platform,2,0,2
2026-02-16,BS,security,3,0,3
2026-02-16,GE,Unknown,2,0,2
2026-02-16,GE,product_project_analysis,2,0,2
2026-02-16,GE,software_engineering,1,0,1
2026-02-16,GL,Unknown,1,0,1
2026-02-16,GR,Unknown,6,0,6
2026-02-16,LU,Unknown,2,0,2
2026-02-16,LU,devops_cloud_platform,4,0,4
2026-02-16,LU,support_operations,2,0,2
2026-02-16,SG,Unknown,2,0,2
2026-02-16,SG,devops_cloud_platform,1,0,1
2026-02-16,SG,software_engineering,2,0,2
2026-02-16,SG,support_operations,1,0,1
2026-02-16,SO,product_project_analysis,3,0,3
2026-02-16,SZ,support_operations,1,0,1
2026-02-16,TG,software_engineering,1,0,1
2026-02-16,Unknown,Unknown,2,0,2
2026-02-16,Unknown,devops_cloud_platform,5,0,5
2026-02-16,Unknown,product_project_analysis,1,0,1
2026-02-16,Unknown,software_engineering,3,0,3
2026-02-16,Unknown,support_operations,1,0,1
2026-02-16,VD,Unknown,2,0,2
2026-02-16,VD,security,1,0,1
2026-02-16,VD,software_engineering,3,0,3
2026-02-16,VD,support_operations,1,0,1
2026-02-16,VS,qa_testing,2,0,2
2026-02-16,ZG,product_project_analysis,2,0,2
2026-02-16,ZH,Unknown,5,0,5
2026-02-16,ZH,data_ai,1,0,1
2026-02-16,ZH,devops_cloud_platform,9,0,9
2026-02-16,ZH,qa_testing,2,0,2
2026-02-16,ZH,software_engineering,2,0,2
2026-02-16,ZH,support_operations,3,0,3
2026-02-23,AG,Unknown,4,0,4
2026-02-23,AG,devops_cloud_platform,5,0,5
2026-02-23,AG,product_project_analysis,1,0,1
2026-02-23,AG,security,2,0,2
2026-02-23,AR,software_engineering,1,0,1
2026-02-23,BE,Unknown,2,0,2
2026-02-23,BE,devops_cloud_platform,3,0,3
2026-02-23,BE,software_engineering,5,0,5
2026-02-23,BE,support_operations,2,0,2
2026-02-23,BL,Unknown,2,0,2
2026-02-23,FR,software_engineering,3,0,3
2026-02-23,GE,Unknown,1,0,1
2026-02-23,GE,data_ai,3,0,3
2026-02-23,GE,security,2,0,2
2026-02-23,GE,support_operations,1,0,1
2026-02-23,LU,software_engineering,1,0,1
2026-02-23,SG,Unknown,4,0,4
2026-02-23,SG,data_ai,3,0,3
2026-02-23,SG,devops_cloud_platform,3,0,3
2026-02-23,SG,erp_business_systems,2,0,2
2026-02-23,SG,software_engineering,2,0,2
2026-02-23,SG,support_operations,2,0,2
2026-02-23,SO,Unknown,2,0,2
2026-02-23,SO,devops_cloud_platform,2,0,2
2026-02-23,SO,product_project_analysis,2,0,2
2026-02-23,SO,support_operations,1,0,1
2026-02-23,SZ,Unknown,2,0,2
2026-02-23,SZ,software_engineering,2,0,2
2026-02-23,TG,devops_cloud_platform,1,0,1
2026-02-23,TI,Unknown,2,0,2
2026-02-23,Unknown,devops_cloud_platform,3,0,3
2026-02-23,Unknown,erp_business_systems,1,0,1
2026-02-23,Unknown,security,1,0,1
2026-02-23,Unknown,support_operations,1,0,1
2026-02-23,VD,Unknown,2,0,2
2026-02-23,VD,data_ai,3,0,3
2026-02-23,ZG,Unknown,2,0,2
2026-02-23,ZG,devops_cloud_platform,1,0,1
2026-02-23,ZH,Unknown,10,0,10
2026-02-23,ZH,data_ai,3,0,3
2026-02-23,ZH,devops_cloud_platform,6,0,6
2026-02-23,ZH,product_project_analysis,5,0,5
2026-02-23,ZH,qa_testing,2,0,2
2026-02-23,ZH,software_engineering,5,0,5
2026-03-02,AG,Unknown,4,0,4
2026-03-02,AG,data_ai,1,0,1
2026-03-02,AG,devops_cloud_platform,4,0,4
2026-03-02,AG,software_engineering,3,0,3
2026-03-02,AG,support_operations,3,0,3
2026-03-02,AI,product_project_analysis,1,0,1
2026-03-02,BE,data_ai,6,0,6
2026-03-02,BE,devops_cloud_platform,8,0,8
2026-03-02,BE,product_project_analysis,1,0,1
2026-03-02,BE,qa_testing,2,0,2
2026-03-02,BE,software_engineering,4,0,4
2026-03-02,BE,support_operations,1,0,1
2026-03-02,BE,ux_ui_design,2,0,2
2026-03-02,BS,data_ai,2,0,2
2026-03-02,BS,devops_cloud_platform,29,0,29
2026-03-02,BS,erp_business_systems,1,0,1
2026-03-02,BS,qa_testing,2,0,2
2026-03-02,BS,software_engineering,2,0,2
2026-03-02,BS,support_operations,1,0,1
2026-03-02,FR,Unknown,1,0,1
2026-03-02,GE,data_ai,3,0,3
2026-03-02,GE,security,1,0,1
2026-03-02,GE,software_engineering,2,0,2
2026-03-02,GR,security,6,0,6
2026-03-02,GR,software_engineering,3,0,3
2026-03-02,LU,Unknown,2,0,2
2026-03-02,LU,devops_cloud_platform,2,0,2
2026-03-02,LU,product_project_analysis,2,0,2
2026-03-02,NE,devops_cloud_platform,2,0,2
2026-03-02,NE,qa_testing,2,0,2
2026-03-02,SG,Unknown,2,0,2
2026-03-02,SG,data_ai,1,0,1
2026-03-02,SG,devops_cloud_platform,4,0,4
2026-03-02,SG,product_project_analysis,1,0,1
2026-03-02,SH,devops_cloud_platform,4,0,4
2026-03-02,SO,devops_cloud_platform,1,0,1
2026-03-02,SO,software_engineering,4,0,4
2026-03-02,SZ,devops_cloud_platform,1,0,1
2026-03-02,Unknown,Unknown,2,0,2
2026-03-02,Unknown,data_ai,2,0,2
2026-03-02,Unknown,devops_cloud_platform,5,0,5
2026-03-02,Unknown,product_project_analysis,2,0,2
2026-03-02,Unknown,qa_testing,2,0,2
2026-03-02,Unknown,software_engineering,7,0,7
2026-03-02,Unknown,support_operations,3,0,3
2026-03-02,VD,Unknown,4,0,4
2026-03-02,VD,data_ai,5,0,5
2026-03-02,VD,erp_business_systems,1,0,1
2026-03-02,VD,software_engineering,2,0,2
2026-03-02,VD,ux_ui_design,2,0,2
2026-03-02,ZG,Unknown,1,0,1
2026-03-02,ZG,support_operations,1,0,1
2026-03-02,ZH,Unknown,14,0,14
2026-03-02,ZH,data_ai,8,0,8
2026-03-02,ZH,devops_cloud_platform,6,0,6
2026-03-02,ZH,erp_business_systems,3,0,3
2026-03-02,ZH,product_project_analysis,6,0,6
2026-03-02,ZH,security,14,0,14
2026-03-02,ZH,software_engineering,8,0,8
2026-03-02,ZH,support_operations,4,0,4
2026-03-02,ZH,ux_ui_design,2,0,2
2026-03-09,AG,Unknown,6,0,6
2026-03-09,AG,devops_cloud_platform,4,0,4
2026-03-09,AG,product_project_analysis,2,0,2
2026-03-09,AG,security,4,0,4
2026-03-09,AG,software_engineering,5,0,5
2026-03-09,AG,support_operations,5,0,5
2026-03-09,AR,devops_cloud_platform,1,0,1
2026-03-09,BE,Unknown,5,0,5
2026-03-09,BE,devops_cloud_platform,9,0,9
2026-03-09,BE,erp_business_systems,2,0,2
2026-03-09,BE,security,7,0,7
2026-03-09,BE,software_engineering,4,0,4
2026-03-09,BE,support_operations,1,0,1
2026-03-09,BL,Unknown,2,0,2
2026-03-09,BL,devops_cloud_platform,4,0,4
2026-03-09,FR,qa_testing,2,0,2
2026-03-09,GE,Unknown,6,0,6
2026-03-09,GE,data_ai,1,0,1
2026-03-09,GE,product_project_analysis,2,0,2
2026-03-09,GE,security,5,0,5
2026-03-09,GE,support_operations,1,0,1
2026-03-09,LU,Unknown,4,0,4
2026-03-09,LU,data_ai,2,0,2
2026-03-09,LU,devops_cloud_platform,3,0,3
2026-03-09,LU,erp_business_systems,2,0,2
2026-03-09,LU,security,4,0,4
2026-03-09,LU,support_operations,4,0,4
2026-03-09,NE,Unknown,2,0,2
2026-03-09,NE,software_engineering,3,0,3
2026-03-09,SG,Unknown,1,0,1
2026-03-09,SG,devops_cloud_platform,1,0,1
2026-03-09,SG,security,1,0,1
2026-03-09,SG,software_engineering,5,0,5
2026-03-09,SG,support_operations,1,0,1
2026-03-09,SO,devops_cloud_platform,2,0,2
2026-03-09,SZ,qa_testing,1,0,1
2026-03-09,TG,product_project_analysis,1,0,1
2026-03-09,TI,Unknown,4,0,4
2026-03-09,TI,software_engineering,3,0,3
2026-03-09,Unknown,Unknown,6,0,6
2026-03-09,Unknown,devops_cloud_platform,4,0,4
2026-03-09,Unknown,product_project_analysis,1,0,1
2026-03-09,Unknown,software_engineering,9,0,9
2026-03-09,Unknown,support_operations,1,0,1
2026-03-09,VD,data_ai,5,0,5
2026-03-09,VD,devops_cloud_platform,2,0,2
2026-03-09,VD,qa_testing,2,0,2
2026-03-09,VD,security,2,0,2
2026-03-09,VD,software_engineering,3,0,3
2026-03-09,VD,support_operations,1,0,1
2026-03-09,VS,Unknown,2,0,2
2026-03-09,ZG,data_ai,1,0,1
2026-03-09,ZG,security,1,0,1
2026-03-09,ZG,software_engineering,2,0,2
2026-03-09,ZG,support_operations,3,0,3
2026-03-09,ZH,Unknown,16,0,16
2026-03-09,ZH,data_ai,8,0,8
2026-03-09,ZH,devops_cloud_platform,22,0,22
2026-03-09,ZH,product_project_analysis,12,0,12
2026-03-09,ZH,qa_testing,1,0,1
2026-03-09,ZH,security,13,0,13
2026-03-09,ZH,software_engineering,8,0,8
2026-03-09,ZH,support_operations,7,0,7
2026-03-16,AG,Unknown,3,0,3
2026-03-16,AG,data_ai,1,0,1
2026-03-16,AG,devops_cloud_platform,9,0,9
2026-03-16,AG,product_project_analysis,4,0,4
2026-03-16,AG,security,2,0,2
2026-03-16,AG,software_engineering,3,0,3
2026-03-16,AG,support_operations,5,0,5
2026-03-16,AR,support_operations,2,0,2
2026-03-16,BE,Unknown,4,0,4
2026-03-16,BE,devops_cloud_platform,12,0,12
2026-03-16,BE,product_project_analysis,3,0,3
2026-03-16,BE,qa_testing,5,0,5
2026-03-16,BE,security,2,0,2
2026-03-16,BE,software_engineering,7,0,7
2026-03-16,BE,support_operations,6,0,6
2026-03-16,BL,Unknown,1,0,1
2026-03-16,BL,product_project_analysis,3,0,3
2026-03-16,BS,Unknown,1,0,1
2026-03-16,BS,data_ai,1,0,1
2026-03-16,BS,security,1,0,1
2026-03-16,GE,Unknown,2,0,2
2026-03-16,GE,data_ai,10,0,10
2026-03-16,GE,devops_cloud_platform,1,0,1
2026-03-16,GE,qa_testing,4,0,4
2026-03-16,GE,security,2,0,2
2026-03-16,GE,software_engineering,2,0,2
2026-03-16,GE,support_operations,2,0,2
2026-03-16,GL,devops_cloud_platform,1,0,1
2026-03-16,GR,Unknown,4,0,4
2026-03-16,GR,security,2,0,2
2026-03-16,GR,software_engineering,2,0,2
2026-03-16,LU,Unknown,2,0,2
2026-03-16,LU,devops_cloud_platform,13,0,13
2026-03-16,LU,product_project_analysis,3,0,3
2026-03-16,LU,security,9,0,9
2026-03-16,LU,software_engineering,1,0,1
2026-03-16,LU,support_operations,3,0,3
2026-03-16,NE,Unknown,1,0,1
2026-03-16,NE,data_ai,1,0,1
2026-03-16,NE,devops_cloud_platform,2,0,2
2026-03-16,NE,software_engineering,4,0,4
2026-03-16,SG,devops_cloud_platform,4,0,4
2026-03-16,SG,security,2,0,2
2026-03-16,SG,software_engineering,10,0,10
2026-03-16,SG,support_operations,5,0,5
2026-03-16,SH,Unknown,2,0,2
2026-03-16,SO,data_ai,1,0,1
2026-03-16,SO,devops_cloud_platform,4,0,4
2026-03-16,SO,software_engineering,1,0,1
2026-03-16,SZ,Unknown,2,0,2
2026-03-16,SZ,software_engineering,2,0,2
2026-03-16,TI,Unknown,2,0,2
2026-03-16,TI,data_ai,1,0,1
2026-03-16,TI,product_project_analysis,1,0,1
2026-03-16,TI,software_engineering,2,0,2
2026-03-16,Unknown,Unknown,7,0,7
2026-03-16,Unknown,data_ai,1,0,1
2026-03-16,Unknown,devops_cloud_platform,6,0,6
2026-03-16,Unknown,product_project_analysis,2,0,2
2026-03-16,Unknown,security,1,0,1
2026-03-16,Unknown,software_engineering,6,0,6
2026-03-16,Unknown,support_operations,5,0,5
2026-03-16,VD,data_ai,1,0,1
2026-03-16,VD,qa_testing,1,0,1
2026-03-16,VD,security,2,0,2
2026-03-16,VD,support_operations,1,0,1
2026-03-16,VS,Unknown,1,0,1
2026-03-16,VS,data_ai,1,0,1
2026-03-16,VS,devops_cloud_platform,1,0,1
2026-03-16,VS,ux_ui_design,2,0,2
2026-03-16,ZG,Unknown,3,0,3
2026-03-16,ZG,devops_cloud_platform,7,0,7
2026-03-16,ZG,qa_testing,2,0,2
2026-03-16,ZG,security,6,0,6
2026-03-16,ZG,software_engineering,8,0,8
2026-03-16,ZG,support_operations,1,0,1
2026-03-16,ZH,Unknown,19,0,19
2026-03-16,ZH,data_ai,11,0,11
2026-03-16,ZH,devops_cloud_platform,25,0,25
2026-03-16,ZH,product_project_analysis,7,0,7
2026-03-16,ZH,qa_testing,2,0,2
2026-03-16,ZH,security,21,0,21
2026-03-16,ZH,software_engineering,29,0,29
2026-03-16,ZH,support_operations,22,0,22
2026-03-23,AG,Unknown,5,0,5
2026-03-23,AG,data_ai,4,0,4
2026-03-23,AG,devops_cloud_platform,17,0,17
2026-03-23,AG,qa_testing,3,0,3
2026-03-23,AG,security,6,0,6
2026-03-23,AG,software_engineering,7,0,7
2026-03-23,AG,support_operations,6,0,6
2026-03-23,BE,Unknown,8,0,8
2026-03-23,BE,data_ai,1,0,1
2026-03-23,BE,devops_cloud_platform,24,0,24
2026-03-23,BE,erp_business_systems,2,0,2
2026-03-23,BE,product_project_analysis,2,0,2
2026-03-23,BE,security,4,0,4
2026-03-23,BE,software_engineering,15,0,15
2026-03-23,BE,support_operations,9,0,9
2026-03-23,BL,devops_cloud_platform,13,0,13
2026-03-23,BL,product_project_analysis,2,0,2
2026-03-23,BL,security,1,0,1
2026-03-23,BL,support_operations,1,0,1
2026-03-23,BS,Unknown,4,0,4
2026-03-23,BS,data_ai,3,0,3
2026-03-23,BS,devops_cloud_platform,8,0,8
2026-03-23,BS,erp_business_systems,1,0,1
2026-03-23,BS,product_project_analysis,4,0,4
2026-03-23,BS,security,1,0,1
2026-03-23,BS,software_engineering,5,0,5
2026-03-23,FR,Unknown,2,0,2
2026-03-23,GE,Unknown,6,0,6
2026-03-23,GE,data_ai,2,0,2
2026-03-23,GE,devops_cloud_platform,7,0,7
2026-03-23,GE,product_project_analysis,3,0,3
2026-03-23,GE,security,6,0,6
2026-03-23,GE,software_engineering,9,0,9
2026-03-23,LU,Unknown,7,0,7
2026-03-23,LU,devops_cloud_platform,11,0,11
2026-03-23,LU,product_project_analysis,1,0,1
2026-03-23,LU,security,1,0,1
2026-03-23,LU,software_engineering,7,0,7
2026-03-23,LU,support_operations,3,0,3
2026-03-23,NE,Unknown,1,0,1
2026-03-23,SG,Unknown,5,0,5
2026-03-23,SG,devops_cloud_platform,13,0,13
2026-03-23,SG,software_engineering,6,0,6
2026-03-23,SG,support_operations,3,0,3
2026-03-23,SO,Unknown,7,0,7
2026-03-23,SO,devops_cloud_platform,7,0,7
2026-03-23,SO,product_project_analysis,2,0,2
2026-03-23,SO,software_engineering,2,0,2
2026-03-23,SO,support_operations,2,0,2
2026-03-23,SZ,data_ai,2,0,2
2026-03-23,SZ,software_engineering,1,0,1
2026-03-23,SZ,support_operations,1,0,1
2026-03-23,TG,devops_cloud_platform,4,0,4
2026-03-23,TG,security,4,0,4
2026-03-23,TG,software_engineering,4,0,4
2026-03-23,TI,Unknown,4,0,4
2026-03-23,TI,data_ai,1,0,1
2026-03-23,TI,devops_cloud_platform,2,0,2
2026-03-23,TI,product_project_analysis,2,0,2
2026-03-23,TI,software_engineering,2,0,2
2026-03-23,UR,support_operations,1,0,1
2026-03-23,Unknown,Unknown,15,0,15
2026-03-23,Unknown,data_ai,2,0,2
2026-03-23,Unknown,devops_cloud_platform,28,0,28
2026-03-23,Unknown,erp_business_systems,3,0,3
2026-03-23,Unknown,product_project_analysis,5,0,5
2026-03-23,Unknown,security,4,0,4
2026-03-23,Unknown,software_engineering,23,0,23
2026-03-23,Unknown,support_operations,6,0,6
2026-03-23,VD,Unknown,4,0,4
2026-03-23,VD,data_ai,6,0,6
2026-03-23,VD,devops_cloud_platform,3,0,3
2026-03-23,VD,product_project_analysis,9,0,9
2026-03-23,VD,qa_testing,4,0,4
2026-03-23,VD,software_engineering,9,0,9
2026-03-23,VS,Unknown,5,0,5
2026-03-23,VS,software_engineering,1,0,1
2026-03-23,ZG,devops_cloud_platform,9,0,9
2026-03-23,ZG,product_project_analysis,2,0,2
2026-03-23,ZG,security,1,0,1
2026-03-23,ZG,software_engineering,3,0,3
2026-03-23,ZG,support_operations,2,0,2
2026-03-23,ZH,Unknown,27,0,27
2026-03-23,ZH,data_ai,9,0,9
2026-03-23,ZH,devops_cloud_platform,60,0,60
2026-03-23,ZH,erp_business_systems,2,0,2
2026-03-23,ZH,product_project_analysis,11,0,11
2026-03-23,ZH,qa_testing,5,0,5
2026-03-23,ZH,security,13,0,13
2026-03-23,ZH,software_engineering,28,0,28
2026-03-23,ZH,support_operations,24,0,24
2026-03-30,AG,Unknown,12,0,12
2026-03-30,AG,data_ai,1,0,1
2026-03-30,AG,devops_cloud_platform,46,0,46
2026-03-30,AG,product_project_analysis,6,0,6
2026-03-30,AG,security,3,0,3
2026-03-30,AG,software_engineering,16,0,16
2026-03-30,AG,support_operations,9,0,9
2026-03-30,AR,devops_cloud_platform,1,0,1
2026-03-30,AR,software_engineering,2,0,2
2026-03-30,BE,Unknown,21,0,21
2026-03-30,BE,data_ai,4,0,4
2026-03-30,BE,devops_cloud_platform,63,0,63
2026-03-30,BE,erp_business_systems,1,0,1
2026-03-30,BE,product_project_analysis,15,0,15
2026-03-30,BE,security,8,0,8
2026-03-30,BE,software_engineering,26,0,26
2026-03-30,BE,support_operations,19,0,19
2026-03-30,BL,data_ai,1,0,1
2026-03-30,BL,devops_cloud_platform,6,0,6
2026-03-30,BL,product_project_analysis,1,0,1
2026-03-30,BL,software_engineering,3,0,3
2026-03-30,BL,support_operations,6,0,6
2026-03-30,BS,Unknown,6,0,6
2026-03-30,BS,data_ai,19,0,19
2026-03-30,BS,devops_cloud_platform,40,0,40
2026-03-30,BS,erp_business_systems,1,0,1
2026-03-30,BS,product_project_analysis,13,0,13
2026-03-30,BS,qa_testing,2,0,2
2026-03-30,BS,security,10,0,10
2026-03-30,BS,software_engineering,31,0,31
2026-03-30,BS,support_operations,12,0,12
2026-03-30,FR,data_ai,2,0,2
2026-03-30,FR,software_engineering,4,0,4
2026-03-30,GE,Unknown,14,0,14
2026-03-30,GE,data_ai,11,0,11
2026-03-30,GE,devops_cloud_platform,7,0,7
2026-03-30,GE,product_project_analysis,11,0,11
2026-03-30,GE,qa_testing,1,0,1
2026-03-30,GE,security,10,0,10
2026-03-30,GE,software_engineering,17,0,17
2026-03-30,GE,support_operations,3,0,3
2026-03-30,GL,devops_cloud_platform,1,0,1
2026-03-30,GL,product_project_analysis,1,0,1
2026-03-30,GR,Unknown,1,0,1
2026-03-30,GR,devops_cloud_platform,5,0,5
2026-03-30,GR,product_project_analysis,6,0,6
2026-03-30,GR,software_engineering,5,0,5
2026-03-30,GR,support_operations,2,0,2
2026-03-30,LU,Unknown,4,0,4
2026-03-30,LU,data_ai,6,0,6
2026-03-30,LU,devops_cloud_platform,54,0,54
2026-03-30,LU,erp_business_systems,1,0,1
2026-03-30,LU,product_project_analysis,19,0,19
2026-03-30,LU,security,9,0,9
2026-03-30,LU,software_engineering,29,0,29
2026-03-30,LU,support_operations,11,0,11
2026-03-30,NE,Unknown,6,0,6
2026-03-30,NE,devops_cloud_platform,1,0,1
2026-03-30,NE,qa_testing,2,0,2
2026-03-30,NE,software_engineering,1,0,1
2026-03-30,NW,Unknown,1,0,1
2026-03-30,NW,support_operations,1,0,1
2026-03-30,SG,Unknown,4,0,4
2026-03-30,SG,devops_cloud_platform,25,0,25
2026-03-30,SG,product_project_analysis,2,0,2
2026-03-30,SG,security,1,0,1
2026-03-30,SG,software_engineering,32,0,32
2026-03-30,SG,support_operations,8,0,8
2026-03-30,SH,Unknown,1,0,1
2026-03-30,SH,devops_cloud_platform,11,0,11
2026-03-30,SH,security,1,0,1
2026-03-30,SH,support_operations,2,0,2
2026-03-30,SO,Unknown,5,0,5
2026-03-30,SO,devops_cloud_platform,20,0,20
2026-03-30,SO,erp_business_systems,2,0,2
2026-03-30,SO,product_project_analysis,6,0,6
2026-03-30,SO,security,6,0,6
2026-03-30,SO,software_engineering,13,0,13
2026-03-30,SO,support_operations,5,0,5
2026-03-30,SZ,data_ai,1,0,1
2026-03-30,SZ,devops_cloud_platform,5,0,5
2026-03-30,SZ,product_project_analysis,1,0,1
2026-03-30,SZ,security,1,0,1
2026-03-30,SZ,software_engineering,4,0,4
2026-03-30,SZ,support_operations,1,0,1
2026-03-30,TG,Unknown,1,0,1
2026-03-30,TG,devops_cloud_platform,6,0,6
2026-03-30,TG,product_project_analysis,5,0,5
2026-03-30,TG,security,8,0,8
2026-03-30,TG,software_engineering,4,0,4
2026-03-30,TG,support_operations,3,0,3
2026-03-30,TI,Unknown,9,0,9
2026-03-30,TI,data_ai,3,0,3
2026-03-30,TI,software_engineering,3,0,3
2026-03-30,Unknown,Unknown,18,0,18
2026-03-30,Unknown,data_ai,13,0,13
2026-03-30,Unknown,devops_cloud_platform,89,0,89
2026-03-30,Unknown,erp_business_systems,5,0,5
2026-03-30,Unknown,product_project_analysis,43,0,43
2026-03-30,Unknown,qa_testing,5,0,5
2026-03-30,Unknown,security,12,0,12
2026-03-30,Unknown,software_engineering,177,0,177
2026-03-30,Unknown,support_operations,27,0,27
2026-03-30,VD,Unknown,14,0,14
2026-03-30,VD,data_ai,6,0,6
2026-03-30,VD,erp_business_systems,1,0,1
2026-03-30,VD,product_project_analysis,5,0,5
2026-03-30,VD,qa_testing,2,0,2
2026-03-30,VD,security,3,0,3
2026-03-30,VD,software_engineering,13,0,13
2026-03-30,VD,support_operations,2,0,2
2026-03-30,VS,Unknown,1,0,1
2026-03-30,VS,support_operations,1,0,1
2026-03-30,ZG,Unknown,10,0,10
2026-03-30,ZG,data_ai,1,0,1
2026-03-30,ZG,devops_cloud_platform,37,0,37
2026-03-30,ZG,erp_business_systems,5,0,5
2026-03-30,ZG,product_project_analysis,12,0,12
2026-03-30,ZG,qa_testing,5,0,5
2026-03-30,ZG,security,12,0,12
2026-03-30,ZG,software_engineering,9,0,9
2026-03-30,ZG,support_operations,5,0,5
2026-03-30,ZH,Unknown,62,0,62
2026-03-30,ZH,data_ai,43,0,43
2026-03-30,ZH,devops_cloud_platform,245,0,245
2026-03-30,ZH,erp_business_systems,43,0,43
2026-03-30,ZH,product_project_analysis,93,0,93
2026-03-30,ZH,qa_testing,6,0,6
2026-03-30,ZH,security,46,0,46
2026-03-30,ZH,software_engineering,474,0,474
2026-03-30,ZH,support_operations,57,0,57
2026-03-30,ZH,ux_ui_design,2,0,2
2026-04-06,AG,Unknown,9,0,9
2026-04-06,AG,data_ai,1,0,1
2026-04-06,AG,devops_cloud_platform,24,0,24
2026-04-06,AG,product_project_analysis,2,0,2
2026-04-06,AG,qa_testing,3,0,3
2026-04-06,AG,security,11,0,11
2026-04-06,AG,software_engineering,7,0,7
2026-04-06,AG,support_operations,11,0,11
2026-04-06,AR,devops_cloud_platform,1,0,1
2026-04-06,AR,software_engineering,3,0,3
2026-04-06,BE,Unknown,17,0,17
2026-04-06,BE,data_ai,5,0,5
2026-04-06,BE,devops_cloud_platform,38,0,38
2026-04-06,BE,erp_business_systems,3,0,3
2026-04-06,BE,product_project_analysis,17,0,17
2026-04-06,BE,qa_testing,2,0,2
2026-04-06,BE,security,9,0,9
2026-04-06,BE,software_engineering,17,0,17
2026-04-06,BE,support_operations,25,0,25
2026-04-06,BL,data_ai,1,0,1
2026-04-06,BL,product_project_analysis,2,0,2
2026-04-06,BL,qa_testing,1,0,1
2026-04-06,BL,security,2,0,2
2026-04-06,BL,support_operations,3,0,3
2026-04-06,BS,Unknown,16,0,16
2026-04-06,BS,data_ai,5,0,5
2026-04-06,BS,devops_cloud_platform,9,0,9
2026-04-06,BS,product_project_analysis,9,0,9
2026-04-06,BS,security,1,0,1
2026-04-06,BS,software_engineering,2,0,2
2026-04-06,BS,support_operations,4,0,4
2026-04-06,FR,software_engineering,3,0,3
2026-04-06,FR,support_operations,3,0,3
2026-04-06,GE,Unknown,5,0,5
2026-04-06,GE,data_ai,11,0,11
2026-04-06,GE,devops_cloud_platform,9,0,9
2026-04-06,GE,product_project_analysis,10,0,10
2026-04-06,GE,security,4,0,4
2026-04-06,GE,software_engineering,9,0,9
2026-04-06,GE,support_operations,3,0,3
2026-04-06,GL,devops_cloud_platform,1,0,1
2026-04-06,GL,security,1,0,1
2026-04-06,GR,devops_cloud_platform,1,0,1
2026-04-06,GR,product_project_analysis,3,0,3
2026-04-06,GR,security,4,0,4
2026-04-06,GR,software_engineering,2,0,2
2026-04-06,GR,support_operations,2,0,2
2026-04-06,LU,Unknown,14,0,14
2026-04-06,LU,data_ai,3,0,3
2026-04-06,LU,devops_cloud_platform,26,0,26
2026-04-06,LU,product_project_analysis,3,0,3
2026-04-06,LU,software_engineering,8,0,8
2026-04-06,LU,support_operations,7,0,7
2026-04-06,NE,data_ai,2,0,2
2026-04-06,NE,devops_cloud_platform,1,0,1
2026-04-06,NE,product_project_analysis,2,0,2
2026-04-06,NE,security,3,0,3
2026-04-06,NE,software_engineering,6,0,6
2026-04-06,NE,support_operations,1,0,1
2026-04-06,SG,Unknown,3,0,3
2026-04-06,SG,devops_cloud_platform,13,0,13
2026-04-06,SG,product_project_analysis,2,0,2
2026-04-06,SG,security,3,0,3
2026-04-06,SG,software_engineering,12,0,12
2026-04-06,SG,support_operations,6,0,6
2026-04-06,SH,Unknown,2,0,2
2026-04-06,SH,devops_cloud_platform,2,0,2
2026-04-06,SH,security,5,0,5
2026-04-06,SO,Unknown,1,0,1
2026-04-06,SO,devops_cloud_platform,10,0,10
2026-04-06,SO,product_project_analysis,4,0,4
2026-04-06,SO,security,4,0,4
2026-04-06,SO,support_operations,1,0,1
2026-04-06,SZ,Unknown,1,0,1
2026-04-06,SZ,product_project_analysis,1,0,1
2026-04-06,SZ,software_engineering,1,0,1
2026-04-06,SZ,support_operations,1,0,1
2026-04-06,TG,Unknown,2,0,2
2026-04-06,TG,devops_cloud_platform,3,0,3
2026-04-06,TG,product_project_analysis,2,0,2
2026-04-06,TG,qa_testing,2,0,2
2026-04-06,TG,security,2,0,2
2026-04-06,TG,support_operations,9,0,9
2026-04-06,TI,Unknown,4,0,4
2026-04-06,TI,product_project_analysis,1,0,1
2026-04-06,TI,software_engineering,6,0,6
2026-04-06,Unknown,Unknown,14,0,14
2026-04-06,Unknown,data_ai,2,0,2
2026-04-06,Unknown,devops_cloud_platform,10,0,10
2026-04-06,Unknown,product_project_analysis,5,0,5
2026-04-06,Unknown,qa_testing,1,0,1
2026-04-06,Unknown,security,2,0,2
2026-04-06,Unknown,software_engineering,15,0,15
2026-04-06,Unknown,support_operations,10,0,10
2026-04-06,VD,Unknown,12,0,12
2026-04-06,VD,data_ai,8,0,8
2026-04-06,VD,product_project_analysis,7,0,7
2026-04-06,VD,security,1,0,1
2026-04-06,VD,software_engineering,3,0,3
2026-04-06,VD,support_operations,5,0,5
2026-04-06,VD,ux_ui_design,2,0,2
2026-04-06,VS,data_ai,2,0,2
2026-04-06,VS,devops_cloud_platform,3,0,3
2026-04-06,ZG,Unknown,4,0,4
2026-04-06,ZG,data_ai,3,0,3
2026-04-06,ZG,devops_cloud_platform,6,0,6
2026-04-06,ZG,product_project_analysis,1,0,1
2026-04-06,ZG,security,2,0,2
2026-04-06,ZG,software_engineering,3,0,3
2026-04-06,ZG,support_operations,3,0,3
2026-04-06,ZH,Unknown,49,0,49
2026-04-06,ZH,data_ai,20,0,20
2026-04-06,ZH,devops_cloud_platform,50,0,50
2026-04-06,ZH,erp_business_systems,2,0,2
2026-04-06,ZH,product_project_analysis,40,0,40
2026-04-06,ZH,qa_testing,5,0,5
2026-04-06,ZH,security,31,0,31
2026-04-06,ZH,software_engineering,67,0,67
2026-04-06,ZH,support_operations,40,0,40
2026-04-13,AG,Unknown,22,24,-2
2026-04-13,AG,data_ai,1,1,0
2026-04-13,AG,devops_cloud_platform,23,25,-2
2026-04-13,AG,product_project_analysis,19,5,14
2026-04-13,AG,qa_testing,4,1,3
2026-04-13,AG,security,14,10,4
2026-04-13,AG,software_engineering,7,22,-15
2026-04-13,AG,support_operations,15,8,7
2026-04-13,AG,ux_ui_design,1,0,1
2026-04-13,AI,support_operations,1,1,0
2026-04-13,AR,devops_cloud_platform,2,2,0
2026-04-13,AR,software_engineering,3,4,-1
2026-04-13,BE,Unknown,18,17,1
2026-04-13,BE,data_ai,6,8,-2
2026-04-13,BE,devops_cloud_platform,50,52,-2
2026-04-13,BE,erp_business_systems,2,4,-2
2026-04-13,BE,product_project_analysis,30,20,10
2026-04-13,BE,qa_testing,1,5,-4
2026-04-13,BE,security,7,5,2
2026-04-13,BE,software_engineering,30,47,-17
2026-04-13,BE,support_operations,24,18,6
2026-04-13,BE,ux_ui_design,2,0,2
2026-04-13,BL,Unknown,2,3,-1
2026-04-13,BL,devops_cloud_platform,7,4,3
2026-04-13,BL,product_project_analysis,1,3,-2
2026-04-13,BL,qa_testing,2,2,0
2026-04-13,BL,security,0,1,-1
2026-04-13,BL,software_engineering,2,3,-1
2026-04-13,BL,support_operations,2,8,-6
2026-04-13,BS,Unknown,20,13,7
2026-04-13,BS,data_ai,6,9,-3
2026-04-13,BS,devops_cloud_platform,22,5,17
2026-04-13,BS,product_project_analysis,8,11,-3
2026-04-13,BS,qa_testing,1,3,-2
2026-04-13,BS,security,7,4,3
2026-04-13,BS,software_engineering,6,7,-1
2026-04-13,BS,support_operations,18,12,6
2026-04-13,FR,Unknown,0,1,-1
2026-04-13,FR,devops_cloud_platform,2,0,2
2026-04-13,FR,qa_testing,2,3,-1
2026-04-13,FR,security,0,2,-2
2026-04-13,FR,software_engineering,0,3,-3
2026-04-13,FR,support_operations,10,3,7
2026-04-13,GE,Unknown,20,35,-15
2026-04-13,GE,data_ai,27,30,-3
2026-04-13,GE,devops_cloud_platform,18,17,1
2026-04-13,GE,product_project_analysis,12,13,-1
2026-04-13,GE,qa_testing,0,1,-1
2026-04-13,GE,security,11,17,-6
2026-04-13,GE,software_engineering,13,9,4
2026-04-13,GE,support_operations,5,7,-2
2026-04-13,GE,ux_ui_design,1,0,1
2026-04-13,GL,devops_cloud_platform,0,1,-1
2026-04-13,GL,product_project_analysis,0,1,-1
2026-04-13,GR,Unknown,0,5,-5
2026-04-13,GR,data_ai,1,0,1
2026-04-13,GR,devops_cloud_platform,2,3,-1
2026-04-13,GR,product_project_analysis,4,0,4
2026-04-13,GR,security,4,0,4
2026-04-13,GR,software_engineering,5,1,4
2026-04-13,GR,support_operations,0,2,-2
2026-04-13,LU,Unknown,19,15,4
2026-04-13,LU,data_ai,7,0,7
2026-04-13,LU,devops_cloud_platform,40,32,8
2026-04-13,LU,product_project_analysis,14,6,8
2026-04-13,LU,security,8,16,-8
2026-04-13,LU,software_engineering,8,14,-6
2026-04-13,LU,support_operations,7,6,1
2026-04-13,NE,Unknown,2,2,0
2026-04-13,NE,data_ai,5,6,-1
2026-04-13,NE,devops_cloud_platform,0,3,-3
2026-04-13,NE,product_project_analysis,2,0,2
2026-04-13,NE,qa_testing,0,2,-2
2026-04-13,NE,security,1,3,-2
2026-04-13,NE,software_engineering,3,3,0
2026-04-13,NE,support_operations,0,1,-1
2026-04-13,NE,ux_ui_design,1,0,1
2026-04-13,NW,support_operations,1,1,0
2026-04-13,OW,support_operations,1,0,1
2026-04-13,SG,Unknown,9,2,7
2026-04-13,SG,data_ai,2,0,2
2026-04-13,SG,devops_cloud_platform,22,23,-1
2026-04-13,SG,erp_business_systems,2,0,2
2026-04-13,SG,product_project_analysis,3,1,2
2026-04-13,SG,qa_testing,1,0,1
2026-04-13,SG,security,3,3,0
2026-04-13,SG,software_engineering,20,38,-18
2026-04-13,SG,support_operations,5,7,-2
2026-04-13,SH,Unknown,2,0,2
2026-04-13,SH,devops_cloud_platform,1,6,-5
2026-04-13,SH,security,1,0,1
2026-04-13,SH,software_engineering,1,0,1
2026-04-13,SO,Unknown,0,4,-4
2026-04-13,SO,data_ai,4,3,1
2026-04-13,SO,devops_cloud_platform,9,11,-2
2026-04-13,SO,product_project_analysis,2,6,-4
2026-04-13,SO,security,1,3,-2
2026-04-13,SO,software_engineering,1,2,-1
2026-04-13,SO,support_operations,4,0,4
2026-04-13,SZ,Unknown,2,3,-1
2026-04-13,SZ,data_ai,2,0,2
2026-04-13,SZ,devops_cloud_platform,2,0,2
2026-04-13,SZ,product_project_analysis,0,1,-1
2026-04-13,SZ,security,1,1,0
2026-04-13,SZ,software_engineering,5,6,-1
2026-04-13,SZ,support_operations,0,1,-1
2026-04-13,TG,devops_cloud_platform,8,8,0
2026-04-13,TG,product_project_analysis,0,3,-3
2026-04-13,TG,qa_testing,1,0,1
2026-04-13,TG,security,4,3,1
2026-04-13,TG,software_engineering,2,3,-1
2026-04-13,TG,support_operations,6,3,3
2026-04-13,TI,Unknown,0,1,-1
2026-04-13,TI,data_ai,1,3,-2
2026-04-13,TI,product_project_analysis,2,4,-2
2026-04-13,TI,software_engineering,6,4,2
2026-04-13,UR,devops_cloud_platform,1,0,1
2026-04-13,UR,support_operations,1,0,1
2026-04-13,Unknown,Unknown,20,39,-19
2026-04-13,Unknown,data_ai,2,3,-1
2026-04-13,Unknown,devops_cloud_platform,30,44,-14
2026-04-13,Unknown,erp_business_systems,1,1,0
2026-04-13,Unknown,product_project_analysis,12,16,-4
2026-04-13,Unknown,qa_testing,3,5,-2
2026-04-13,Unknown,security,4,6,-2
2026-04-13,Unknown,software_engineering,24,45,-21
2026-04-13,Unknown,support_operations,14,14,0
2026-04-13,VD,Unknown,11,15,-4
2026-04-13,VD,data_ai,7,16,-9
2026-04-13,VD,devops_cloud_platform,4,0,4
2026-04-13,VD,product_project_analysis,11,6,5
2026-04-13,VD,qa_testing,2,3,-1
2026-04-13,VD,security,3,4,-1
2026-04-13,VD,software_engineering,11,7,4
2026-04-13,VD,support_operations,2,4,-2
2026-04-13,VS,Unknown,3,1,2
2026-04-13,VS,data_ai,0,1,-1
2026-04-13,VS,devops_cloud_platform,1,6,-5
2026-04-13,VS,product_project_analysis,1,0,1
2026-04-13,VS,security,2,0,2
2026-04-13,VS,software_engineering,0,1,-1
2026-04-13,VS,support_operations,1,1,0
2026-04-13,VS,ux_ui_design,0,2,-2
2026-04-13,ZG,Unknown,9,9,0
2026-04-13,ZG,data_ai,3,3,0
2026-04-13,ZG,devops_cloud_platform,13,22,-9
2026-04-13,ZG,product_project_analysis,0,6,-6
2026-04-13,ZG,qa_testing,6,4,2
2026-04-13,ZG,security,10,12,-2
2026-04-13,ZG,software_engineering,12,11,1
2026-04-13,ZG,support_operations,10,6,4
2026-04-13,ZH,Unknown,83,65,18
2026-04-13,ZH,data_ai,49,30,19
2026-04-13,ZH,devops_cloud_platform,123,98,25
2026-04-13,ZH,erp_business_systems,5,2,3
2026-04-13,ZH,product_project_analysis,41,44,-3
2026-04-13,ZH,qa_testing,13,12,1
2026-04-13,ZH,security,52,50,2
2026-04-13,ZH,software_engineering,109,106,3
2026-04-13,ZH,support_operations,76,68,8
2026-04-20,AG,Unknown,2,53,-51
2026-04-20,AG,data_ai,0,8,-8
2026-04-20,AG,devops_cloud_platform,16,142,-126
2026-04-20,AG,product_project_analysis,1,31,-30
2026-04-20,AG,qa_testing,0,9,-9
2026-04-20,AG,security,0,43,-43
2026-04-20,AG,software_engineering,5,45,-40
2026-04-20,AG,support_operations,3,52,-49
2026-04-20,AG,ux_ui_design,0,1,-1
2026-04-20,AI,product_project_analysis,0,1,-1
2026-04-20,AR,devops_cloud_platform,0,4,-4
2026-04-20,AR,product_project_analysis,0,1,-1
2026-04-20,AR,software_engineering,0,8,-8
2026-04-20,AR,support_operations,0,3,-3
2026-04-20,BE,Unknown,5,79,-74
2026-04-20,BE,data_ai,1,23,-22
2026-04-20,BE,devops_cloud_platform,11,198,-187
2026-04-20,BE,erp_business_systems,0,8,-8
2026-04-20,BE,product_project_analysis,8,63,-55
2026-04-20,BE,qa_testing,5,11,-6
2026-04-20,BE,security,2,39,-37
2026-04-20,BE,software_engineering,9,117,-108
2026-04-20,BE,support_operations,4,81,-77
2026-04-20,BE,ux_ui_design,1,5,-4
2026-04-20,BL,Unknown,1,5,-4
2026-04-20,BL,data_ai,0,2,-2
2026-04-20,BL,devops_cloud_platform,0,29,-29
2026-04-20,BL,product_project_analysis,3,10,-7
2026-04-20,BL,qa_testing,1,2,-1
2026-04-20,BL,security,0,2,-2
2026-04-20,BL,software_engineering,0,6,-6
2026-04-20,BL,support_operations,0,4,-4
2026-04-20,BS,Unknown,0,41,-41
2026-04-20,BS,data_ai,0,33,-33
2026-04-20,BS,devops_cloud_platform,7,136,-129
2026-04-20,BS,erp_business_systems,0,3,-3
2026-04-20,BS,product_project_analysis,0,29,-29
2026-04-20,BS,qa_testing,1,3,-2
2026-04-20,BS,security,1,27,-26
2026-04-20,BS,software_engineering,0,54,-54
2026-04-20,BS,support_operations,4,31,-27
2026-04-20,FR,Unknown,2,6,-4
2026-04-20,FR,data_ai,0,2,-2
2026-04-20,FR,devops_cloud_platform,0,2,-2
2026-04-20,FR,qa_testing,0,1,-1
2026-04-20,FR,security,0,1,-1
2026-04-20,FR,software_engineering,2,11,-9
2026-04-20,FR,support_operations,2,12,-10
2026-04-20,GE,Unknown,4,40,-36
2026-04-20,GE,data_ai,5,50,-45
2026-04-20,GE,devops_cloud_platform,5,33,-28
2026-04-20,GE,erp_business_systems,0,1,-1
2026-04-20,GE,product_project_analysis,0,34,-34
2026-04-20,GE,qa_testing,0,5,-5
2026-04-20,GE,security,2,40,-38
2026-04-20,GE,software_engineering,0,62,-62
2026-04-20,GE,support_operations,2,20,-18
2026-04-20,GE,ux_ui_design,0,1,-1
2026-04-20,GL,Unknown,0,1,-1
2026-04-20,GL,devops_cloud_platform,0,2,-2
2026-04-20,GL,security,0,1,-1
2026-04-20,GR,Unknown,0,7,-7
2026-04-20,GR,data_ai,0,2,-2
2026-04-20,GR,devops_cloud_platform,0,8,-8
2026-04-20,GR,product_project_analysis,1,15,-14
2026-04-20,GR,security,0,16,-16
2026-04-20,GR,software_engineering,0,20,-20
2026-04-20,GR,support_operations,0,2,-2
2026-04-20,LU,Unknown,5,46,-41
2026-04-20,LU,data_ai,0,22,-22
2026-04-20,LU,devops_cloud_platform,10,140,-130
2026-04-20,LU,erp_business_systems,0,3,-3
2026-04-20,LU,product_project_analysis,0,37,-37
2026-04-20,LU,qa_testing,0,1,-1
2026-04-20,LU,security,0,20,-20
2026-04-20,LU,software_engineering,1,56,-55
2026-04-20,LU,support_operations,0,32,-32
2026-04-20,NE,Unknown,3,16,-13
2026-04-20,NE,data_ai,0,4,-4
2026-04-20,NE,devops_cloud_platform,0,4,-4
2026-04-20,NE,product_project_analysis,1,5,-4
2026-04-20,NE,qa_testing,0,2,-2
2026-04-20,NE,security,0,1,-1
2026-04-20,NE,software_engineering,1,20,-19
2026-04-20,NE,ux_ui_design,0,1,-1
2026-04-20,NW,Unknown,0,1,-1
2026-04-20,NW,support_operations,0,1,-1
2026-04-20,OW,support_operations,0,1,-1
2026-04-20,SG,Unknown,1,33,-32
2026-04-20,SG,data_ai,1,7,-6
2026-04-20,SG,devops_cloud_platform,10,93,-83
2026-04-20,SG,erp_business_systems,0,4,-4
2026-04-20,SG,product_project_analysis,3,14,-11
2026-04-20,SG,qa_testing,0,1,-1
2026-04-20,SG,security,0,8,-8
2026-04-20,SG,software_engineering,3,74,-71
2026-04-20,SG,support_operations,3,30,-27
2026-04-20,SH,Unknown,0,7,-7
2026-04-20,SH,devops_cloud_platform,1,16,-15
2026-04-20,SH,security,2,9,-7
2026-04-20,SH,software_engineering,0,1,-1
2026-04-20,SH,support_operations,0,2,-2
2026-04-20,SO,Unknown,1,15,-14
2026-04-20,SO,data_ai,0,3,-3
2026-04-20,SO,devops_cloud_platform,5,55,-50
2026-04-20,SO,erp_business_systems,0,7,-7
2026-04-20,SO,product_project_analysis,0,13,-13
2026-04-20,SO,qa_testing,0,1,-1
2026-04-20,SO,security,0,8,-8
2026-04-20,SO,software_engineering,0,21,-21
2026-04-20,SO,support_operations,0,15,-15
2026-04-20,SZ,Unknown,0,6,-6
2026-04-20,SZ,data_ai,0,6,-6
2026-04-20,SZ,devops_cloud_platform,0,14,-14
2026-04-20,SZ,product_project_analysis,2,3,-1
2026-04-20,SZ,qa_testing,0,1,-1
2026-04-20,SZ,security,0,2,-2
2026-04-20,SZ,software_engineering,0,13,-13
2026-04-20,SZ,support_operations,1,5,-4
2026-04-20,TG,Unknown,0,4,-4
2026-04-20,TG,devops_cloud_platform,3,20,-17
2026-04-20,TG,product_project_analysis,0,5,-5
2026-04-20,TG,qa_testing,0,3,-3
2026-04-20,TG,security,0,17,-17
2026-04-20,TG,software_engineering,1,12,-11
2026-04-20,TG,support_operations,2,17,-15
2026-04-20,TI,Unknown,0,27,-27
2026-04-20,TI,data_ai,0,3,-3
2026-04-20,TI,devops_cloud_platform,3,8,-5
2026-04-20,TI,product_project_analysis,0,2,-2
2026-04-20,TI,software_engineering,0,23,-23
2026-04-20,TI,support_operations,0,1,-1
2026-04-20,TI,ux_ui_design,0,1,-1
2026-04-20,UR,devops_cloud_platform,0,1,-1
2026-04-20,UR,support_operations,0,2,-2
2026-04-20,Unknown,Unknown,7,58,-51
2026-04-20,Unknown,data_ai,1,27,-26
2026-04-20,Unknown,devops_cloud_platform,18,187,-169
2026-04-20,Unknown,erp_business_systems,0,9,-9
2026-04-20,Unknown,product_project_analysis,6,65,-59
2026-04-20,Unknown,qa_testing,0,6,-6
2026-04-20,Unknown,security,2,24,-22
2026-04-20,Unknown,software_engineering,5,253,-248
2026-04-20,Unknown,support_operations,6,66,-60
2026-04-20,VD,Unknown,2,38,-36
2026-04-20,VD,data_ai,1,27,-26
2026-04-20,VD,devops_cloud_platform,1,10,-9
2026-04-20,VD,erp_business_systems,0,2,-2
2026-04-20,VD,product_project_analysis,3,35,-32
2026-04-20,VD,qa_testing,0,9,-9
2026-04-20,VD,security,0,8,-8
2026-04-20,VD,software_engineering,1,44,-43
2026-04-20,VD,support_operations,0,9,-9
2026-04-20,VD,ux_ui_design,0,4,-4
2026-04-20,VS,Unknown,0,11,-11
2026-04-20,VS,data_ai,0,2,-2
2026-04-20,VS,devops_cloud_platform,1,2,-1
2026-04-20,VS,product_project_analysis,0,3,-3
2026-04-20,VS,qa_testing,0,3,-3
2026-04-20,VS,security,0,2,-2
2026-04-20,VS,support_operations,0,1,-1
2026-04-20,ZG,Unknown,2,22,-20
2026-04-20,ZG,data_ai,0,5,-5
2026-04-20,ZG,devops_cloud_platform,6,64,-58
2026-04-20,ZG,erp_business_systems,0,5,-5
2026-04-20,ZG,product_project_analysis,2,13,-11
2026-04-20,ZG,qa_testing,5,14,-9
2026-04-20,ZG,security,3,28,-25
2026-04-20,ZG,software_engineering,3,34,-31
2026-04-20,ZG,support_operations,5,24,-19
2026-04-20,ZH,Unknown,11,277,-266
2026-04-20,ZH,data_ai,0,159,-159
2026-04-20,ZH,devops_cloud_platform,28,594,-566
2026-04-20,ZH,erp_business_systems,1,57,-56
2026-04-20,ZH,product_project_analysis,18,223,-205
2026-04-20,ZH,qa_testing,0,27,-27
2026-04-20,ZH,security,0,206,-206
2026-04-20,ZH,software_engineering,17,772,-755
2026-04-20,ZH,support_operations,9,209,-200
2026-04-20,ZH,ux_ui_design,0,4,-4
