date,canton,role_category,published_count,closed_count,net_change
2026-01-01,TG,software_engineering,1,0,1
2026-01-02,ZH,software_engineering,1,0,1
2026-01-05,ZH,devops_cloud_platform,2,0,2
2026-01-06,BE,software_engineering,1,0,1
2026-01-06,BS,product_project_analysis,1,0,1
2026-01-06,VD,support_operations,2,0,2
2026-01-06,ZH,data_ai,1,0,1
2026-01-06,ZH,devops_cloud_platform,1,0,1
2026-01-06,ZH,product_project_analysis,1,0,1
2026-01-06,ZH,software_engineering,1,0,1
2026-01-07,BE,software_engineering,2,0,2
2026-01-07,GE,security,1,0,1
2026-01-07,ZH,data_ai,1,0,1
2026-01-07,ZH,security,1,0,1
2026-01-08,GE,security,1,0,1
2026-01-08,SO,erp_business_systems,1,0,1
2026-01-08,ZH,devops_cloud_platform,1,0,1
2026-01-09,BE,devops_cloud_platform,1,0,1
2026-01-09,BE,software_engineering,1,0,1
2026-01-09,Unknown,data_ai,1,0,1
2026-01-09,ZH,security,1,0,1
2026-01-10,GE,software_engineering,1,0,1
2026-01-10,ZH,devops_cloud_platform,1,0,1
2026-01-10,ZH,security,1,0,1
2026-01-10,ZH,software_engineering,1,0,1
2026-01-11,SG,software_engineering,1,0,1
2026-01-11,ZH,qa_testing,1,0,1
2026-01-13,AG,software_engineering,2,0,2
2026-01-13,BE,devops_cloud_platform,1,0,1
2026-01-13,GE,erp_business_systems,1,0,1
2026-01-13,GR,software_engineering,1,0,1
2026-01-13,ZH,data_ai,2,0,2
2026-01-13,ZH,devops_cloud_platform,1,0,1
2026-01-13,ZH,software_engineering,2,0,2
2026-01-14,AG,security,1,0,1
2026-01-14,BE,product_project_analysis,1,0,1
2026-01-14,ZH,devops_cloud_platform,1,0,1
2026-01-14,ZH,security,4,0,4
2026-01-14,ZH,support_operations,1,0,1
2026-01-15,AG,devops_cloud_platform,1,0,1
2026-01-15,ZH,devops_cloud_platform,5,0,5
2026-01-16,AG,devops_cloud_platform,1,0,1
2026-01-16,AG,security,1,0,1
2026-01-16,AG,software_engineering,1,0,1
2026-01-16,BS,software_engineering,1,0,1
2026-01-16,VD,software_engineering,1,0,1
2026-01-16,ZH,data_ai,1,0,1
2026-01-16,ZH,devops_cloud_platform,2,0,2
2026-01-16,ZH,security,1,0,1
2026-01-16,ZH,software_engineering,4,0,4
2026-01-17,ZH,devops_cloud_platform,1,0,1
2026-01-17,ZH,software_engineering,1,0,1
2026-01-18,ZH,software_engineering,1,0,1
2026-01-19,VD,security,1,0,1
2026-01-20,TI,software_engineering,1,0,1
2026-01-20,ZH,data_ai,1,0,1
2026-01-20,ZH,product_project_analysis,1,0,1
2026-01-20,ZH,security,1,0,1
2026-01-21,GE,software_engineering,2,0,2
2026-01-21,SG,support_operations,1,0,1
2026-01-21,ZH,security,2,0,2
2026-01-21,ZH,support_operations,1,0,1
2026-01-22,TG,devops_cloud_platform,1,0,1
2026-01-22,VD,data_ai,1,0,1
2026-01-22,ZH,product_project_analysis,1,0,1
2026-01-22,ZH,security,1,0,1
2026-01-22,ZH,software_engineering,1,0,1
2026-01-23,BE,data_ai,2,0,2
2026-01-23,VD,product_project_analysis,1,0,1
2026-01-24,BL,software_engineering,1,0,1
2026-01-24,BS,data_ai,1,0,1
2026-01-24,ZH,data_ai,1,0,1
2026-01-24,ZH,devops_cloud_platform,1,0,1
2026-01-24,ZH,product_project_analysis,1,0,1
2026-01-25,ZH,devops_cloud_platform,3,0,3
2026-01-25,ZH,security,2,0,2
2026-01-25,ZH,support_operations,1,0,1
2026-01-26,BE,security,1,0,1
2026-01-26,ZH,devops_cloud_platform,1,0,1
2026-01-27,ZH,devops_cloud_platform,1,0,1
2026-01-28,AR,product_project_analysis,1,0,1
2026-01-28,BS,devops_cloud_platform,4,0,4
2026-01-28,GE,software_engineering,1,0,1
2026-01-28,ZH,devops_cloud_platform,2,0,2
2026-01-28,ZH,product_project_analysis,1,0,1
2026-01-28,ZH,security,1,0,1
2026-01-28,ZH,support_operations,3,0,3
2026-01-29,BE,support_operations,1,0,1
2026-01-29,BS,devops_cloud_platform,3,0,3
2026-01-29,GE,data_ai,1,0,1
2026-01-29,GE,product_project_analysis,1,0,1
2026-01-29,VD,devops_cloud_platform,2,0,2
2026-01-29,ZG,devops_cloud_platform,1,0,1
2026-01-29,ZH,data_ai,1,0,1
2026-01-29,ZH,devops_cloud_platform,3,0,3
2026-01-29,ZH,product_project_analysis,1,0,1
2026-01-29,ZH,security,2,0,2
2026-01-29,ZH,software_engineering,4,0,4
2026-01-30,AR,support_operations,1,0,1
2026-01-30,BE,software_engineering,1,0,1
2026-01-30,BL,devops_cloud_platform,1,0,1
2026-01-30,SG,support_operations,1,0,1
2026-01-30,ZH,data_ai,1,0,1
2026-01-30,ZH,devops_cloud_platform,2,0,2
2026-01-30,ZH,software_engineering,6,0,6
2026-01-31,BE,devops_cloud_platform,1,0,1
2026-01-31,BE,support_operations,1,0,1
2026-01-31,BL,product_project_analysis,1,0,1
2026-01-31,BL,software_engineering,2,0,2
2026-01-31,Unknown,support_operations,1,0,1
2026-01-31,ZH,devops_cloud_platform,1,0,1
2026-01-31,ZH,software_engineering,1,0,1
2026-02-01,SO,support_operations,1,0,1
2026-02-01,VD,devops_cloud_platform,1,0,1
2026-02-01,VD,software_engineering,1,0,1
2026-02-01,ZH,software_engineering,1,0,1
2026-02-02,GE,software_engineering,1,0,1
2026-02-02,VD,devops_cloud_platform,1,0,1
2026-02-02,ZH,security,1,0,1
2026-02-02,ZH,software_engineering,1,0,1
2026-02-03,Unknown,qa_testing,1,0,1
2026-02-03,ZH,devops_cloud_platform,3,0,3
2026-02-03,ZH,security,3,0,3
2026-02-03,ZH,software_engineering,1,0,1
2026-02-04,BE,software_engineering,1,0,1
2026-02-04,ZH,devops_cloud_platform,2,0,2
2026-02-04,ZH,security,5,0,5
2026-02-04,ZH,software_engineering,2,0,2
2026-02-05,BE,devops_cloud_platform,1,0,1
2026-02-05,BE,erp_business_systems,1,0,1
2026-02-05,BE,software_engineering,1,0,1
2026-02-05,GE,support_operations,1,0,1
2026-02-05,ZG,support_operations,1,0,1
2026-02-05,ZH,devops_cloud_platform,2,0,2
2026-02-05,ZH,erp_business_systems,1,0,1
2026-02-05,ZH,software_engineering,3,0,3
2026-02-06,BE,product_project_analysis,1,0,1
2026-02-06,GE,software_engineering,1,0,1
2026-02-06,SG,product_project_analysis,1,0,1
2026-02-06,ZH,devops_cloud_platform,1,0,1
2026-02-06,ZH,product_project_analysis,1,0,1
2026-02-06,ZH,support_operations,4,0,4
2026-02-07,GE,support_operations,1,0,1
2026-02-07,ZH,security,4,0,4
2026-02-07,ZH,software_engineering,5,0,5
2026-02-09,Unknown,product_project_analysis,1,0,1
2026-02-09,VD,product_project_analysis,1,0,1
2026-02-09,ZH,devops_cloud_platform,3,0,3
2026-02-09,ZH,product_project_analysis,1,0,1
2026-02-09,ZH,software_engineering,1,0,1
2026-02-10,GE,devops_cloud_platform,1,0,1
2026-02-10,GE,security,1,0,1
2026-02-10,SG,security,1,0,1
2026-02-10,ZG,software_engineering,1,0,1
2026-02-10,ZH,erp_business_systems,1,0,1
2026-02-10,ZH,software_engineering,1,0,1
2026-02-10,ZH,support_operations,1,0,1
2026-02-11,LU,software_engineering,1,0,1
2026-02-11,TI,software_engineering,1,0,1
2026-02-11,ZH,software_engineering,3,0,3
2026-02-12,GE,data_ai,1,0,1
2026-02-12,Unknown,data_ai,1,0,1
2026-02-12,VD,software_engineering,1,0,1
2026-02-12,ZH,data_ai,2,0,2
2026-02-12,ZH,product_project_analysis,1,0,1
2026-02-12,ZH,software_engineering,2,0,2
2026-02-13,AG,software_engineering,2,0,2
2026-02-13,BS,devops_cloud_platform,1,0,1
2026-02-13,SZ,support_operations,1,0,1
2026-02-13,ZH,devops_cloud_platform,3,0,3
2026-02-13,ZH,product_project_analysis,3,0,3
2026-02-13,ZH,security,1,0,1
2026-02-13,ZH,software_engineering,7,0,7
2026-02-13,ZH,support_operations,3,0,3
2026-02-14,BE,devops_cloud_platform,4,0,4
2026-02-14,LU,devops_cloud_platform,1,0,1
2026-02-14,SG,software_engineering,1,0,1
2026-02-14,Unknown,devops_cloud_platform,1,0,1
2026-02-14,ZH,devops_cloud_platform,2,0,2
2026-02-14,ZH,software_engineering,1,0,1
2026-02-14,ZH,support_operations,4,0,4
2026-02-15,SG,devops_cloud_platform,1,0,1
2026-02-16,AG,software_engineering,1,0,1
2026-02-16,BE,devops_cloud_platform,1,0,1
2026-02-16,Unknown,software_engineering,1,0,1
2026-02-16,VD,product_project_analysis,1,0,1
2026-02-16,ZH,devops_cloud_platform,1,0,1
2026-02-16,ZH,software_engineering,2,0,2
2026-02-17,AG,erp_business_systems,1,0,1
2026-02-17,SG,software_engineering,1,0,1
2026-02-17,ZH,data_ai,1,0,1
2026-02-17,ZH,erp_business_systems,1,0,1
2026-02-17,ZH,product_project_analysis,1,0,1
2026-02-17,ZH,software_engineering,3,0,3
2026-02-18,AG,product_project_analysis,1,0,1
2026-02-18,BE,software_engineering,2,0,2
2026-02-18,SG,devops_cloud_platform,1,0,1
2026-02-18,TG,software_engineering,1,0,1
2026-02-18,VD,software_engineering,1,0,1
2026-02-18,ZH,devops_cloud_platform,2,0,2
2026-02-18,ZH,product_project_analysis,2,0,2
2026-02-18,ZH,software_engineering,1,0,1
2026-02-18,ZH,support_operations,1,0,1
2026-02-19,BE,software_engineering,1,0,1
2026-02-19,BE,support_operations,1,0,1
2026-02-19,SZ,support_operations,1,0,1
2026-02-19,Unknown,software_engineering,1,0,1
2026-02-19,VD,software_engineering,1,0,1
2026-02-19,ZH,software_engineering,3,0,3
2026-02-19,ZH,support_operations,1,0,1
2026-02-20,BE,qa_testing,1,0,1
2026-02-20,BE,software_engineering,2,0,2
2026-02-20,GE,product_project_analysis,1,0,1
2026-02-20,VS,qa_testing,1,0,1
2026-02-20,ZH,devops_cloud_platform,2,0,2
2026-02-20,ZH,qa_testing,1,0,1
2026-02-20,ZH,security,1,0,1
2026-02-20,ZH,software_engineering,4,0,4
2026-02-20,ZH,support_operations,1,0,1
2026-02-21,BE,security,1,0,1
2026-02-21,BL,devops_cloud_platform,1,0,1
2026-02-21,GR,software_engineering,1,0,1
2026-02-21,Unknown,software_engineering,1,0,1
2026-02-21,VD,security,1,0,1
2026-02-21,ZH,software_engineering,1,0,1
2026-02-22,AG,software_engineering,1,0,1
2026-02-22,SO,product_project_analysis,1,0,1
2026-02-22,Unknown,devops_cloud_platform,1,0,1
2026-02-24,GE,data_ai,1,0,1
2026-02-24,Unknown,erp_business_systems,1,0,1
2026-02-24,ZH,erp_business_systems,1,0,1
2026-02-24,ZH,software_engineering,2,0,2
2026-02-25,AR,software_engineering,1,0,1
2026-02-25,BE,software_engineering,1,0,1
2026-02-25,BE,support_operations,1,0,1
2026-02-25,GE,security,1,0,1
2026-02-25,GE,software_engineering,1,0,1
2026-02-25,SG,software_engineering,1,0,1
2026-02-25,SZ,software_engineering,1,0,1
2026-02-25,ZH,data_ai,1,0,1
2026-02-25,ZH,qa_testing,1,0,1
2026-02-25,ZH,software_engineering,7,0,7
2026-02-26,BE,devops_cloud_platform,1,0,1
2026-02-26,BE,software_engineering,1,0,1
2026-02-26,LU,software_engineering,1,0,1
2026-02-26,TI,support_operations,1,0,1
2026-02-26,ZH,data_ai,2,0,2
2026-02-26,ZH,devops_cloud_platform,1,0,1
2026-02-26,ZH,product_project_analysis,1,0,1
2026-02-26,ZH,qa_testing,1,0,1
2026-02-26,ZH,security,1,0,1
2026-02-26,ZH,software_engineering,1,0,1
2026-02-27,VD,data_ai,1,0,1
2026-02-27,VD,software_engineering,1,0,1
2026-02-27,ZG,software_engineering,1,0,1
2026-02-27,ZH,data_ai,1,0,1
2026-02-27,ZH,devops_cloud_platform,1,0,1
2026-02-27,ZH,product_project_analysis,1,0,1
2026-02-27,ZH,software_engineering,4,0,4
2026-02-28,AG,product_project_analysis,1,0,1
2026-02-28,BE,software_engineering,1,0,1
2026-02-28,BL,software_engineering,1,0,1
2026-02-28,FR,software_engineering,1,0,1
2026-02-28,VD,data_ai,1,0,1
2026-02-28,ZH,product_project_analysis,2,0,2
2026-02-28,ZH,software_engineering,4,0,4
2026-03-01,VD,devops_cloud_platform,1,0,1
2026-03-02,BE,software_engineering,1,0,1
2026-03-02,SH,devops_cloud_platform,3,0,3
2026-03-02,ZH,devops_cloud_platform,1,0,1
2026-03-02,ZH,software_engineering,1,0,1
2026-03-03,BE,product_project_analysis,1,0,1
2026-03-03,BS,devops_cloud_platform,3,0,3
2026-03-03,Unknown,data_ai,1,0,1
2026-03-03,ZH,data_ai,3,0,3
2026-03-03,ZH,devops_cloud_platform,1,0,1
2026-03-03,ZH,product_project_analysis,1,0,1
2026-03-03,ZH,security,1,0,1
2026-03-03,ZH,software_engineering,2,0,2
2026-03-03,ZH,support_operations,2,0,2
2026-03-04,AI,product_project_analysis,1,0,1
2026-03-04,BE,software_engineering,1,0,1
2026-03-04,BS,devops_cloud_platform,6,0,6
2026-03-04,NE,devops_cloud_platform,1,0,1
2026-03-04,Unknown,software_engineering,1,0,1
2026-03-04,ZG,software_engineering,1,0,1
2026-03-04,ZH,erp_business_systems,3,0,3
2026-03-04,ZH,product_project_analysis,2,0,2
2026-03-04,ZH,qa_testing,1,0,1
2026-03-04,ZH,security,1,0,1
2026-03-04,ZH,software_engineering,3,0,3
2026-03-04,ZH,ux_ui_design,1,0,1
2026-03-05,AG,data_ai,1,0,1
2026-03-05,BE,software_engineering,1,0,1
2026-03-05,GE,security,1,0,1
2026-03-05,Unknown,software_engineering,1,0,1
2026-03-05,VD,data_ai,1,0,1
2026-03-05,ZH,devops_cloud_platform,1,0,1
2026-03-05,ZH,product_project_analysis,1,0,1
2026-03-05,ZH,security,1,0,1
2026-03-05,ZH,software_engineering,3,0,3
2026-03-05,ZH,support_operations,1,0,1
2026-03-06,AG,software_engineering,1,0,1
2026-03-06,BE,data_ai,2,0,2
2026-03-06,BE,devops_cloud_platform,3,0,3
2026-03-06,BE,product_project_analysis,1,0,1
2026-03-06,BE,ux_ui_design,1,0,1
2026-03-06,GE,software_engineering,1,0,1
2026-03-06,GR,software_engineering,1,0,1
2026-03-06,NE,devops_cloud_platform,1,0,1
2026-03-06,NE,qa_testing,1,0,1
2026-03-06,SG,devops_cloud_platform,1,0,1
2026-03-06,VD,data_ai,2,0,2
2026-03-06,VD,software_engineering,1,0,1
2026-03-06,VD,ux_ui_design,1,0,1
2026-03-06,ZH,data_ai,3,0,3
2026-03-06,ZH,devops_cloud_platform,4,0,4
2026-03-06,ZH,erp_business_systems,3,0,3
2026-03-06,ZH,product_project_analysis,1,0,1
2026-03-06,ZH,qa_testing,1,0,1
2026-03-06,ZH,security,3,0,3
2026-03-06,ZH,software_engineering,12,0,12
2026-03-07,BE,software_engineering,1,0,1
2026-03-07,GR,security,2,0,2
2026-03-07,SZ,devops_cloud_platform,1,0,1
2026-03-07,ZH,devops_cloud_platform,2,0,2
2026-03-07,ZH,product_project_analysis,2,0,2
2026-03-07,ZH,security,2,0,2
2026-03-07,ZH,software_engineering,1,0,1
2026-03-09,BE,devops_cloud_platform,2,0,2
2026-03-09,BE,security,1,0,1
2026-03-09,BS,data_ai,1,0,1
2026-03-09,VD,devops_cloud_platform,1,0,1
2026-03-09,ZH,devops_cloud_platform,4,0,4
2026-03-09,ZH,product_project_analysis,2,0,2
2026-03-09,ZH,security,1,0,1
2026-03-09,ZH,software_engineering,4,0,4
2026-03-10,BE,devops_cloud_platform,2,0,2
2026-03-10,BE,qa_testing,1,0,1
2026-03-10,BE,software_engineering,1,0,1
2026-03-10,FR,qa_testing,1,0,1
2026-03-10,GE,software_engineering,1,0,1
2026-03-10,LU,security,1,0,1
2026-03-10,NE,software_engineering,2,0,2
2026-03-10,Unknown,software_engineering,2,0,2
2026-03-10,ZH,devops_cloud_platform,2,0,2
2026-03-10,ZH,erp_business_systems,1,0,1
2026-03-10,ZH,security,1,0,1
2026-03-10,ZH,software_engineering,4,0,4
2026-03-10,ZH,support_operations,2,0,2
2026-03-11,AG,software_engineering,1,0,1
2026-03-11,BE,data_ai,1,0,1
2026-03-11,BE,security,1,0,1
2026-03-11,BE,support_operations,1,0,1
2026-03-11,BL,devops_cloud_platform,1,0,1
2026-03-11,NE,software_engineering,1,0,1
2026-03-11,TI,software_engineering,1,0,1
2026-03-11,VD,devops_cloud_platform,1,0,1
2026-03-11,VD,software_engineering,1,0,1
2026-03-11,ZH,data_ai,1,0,1
2026-03-11,ZH,devops_cloud_platform,3,0,3
2026-03-11,ZH,erp_business_systems,1,0,1
2026-03-11,ZH,product_project_analysis,3,0,3
2026-03-11,ZH,security,2,0,2
2026-03-11,ZH,software_engineering,4,0,4
2026-03-11,ZH,support_operations,2,0,2
2026-03-12,AG,security,1,0,1
2026-03-12,AR,devops_cloud_platform,1,0,1
2026-03-12,BE,devops_cloud_platform,2,0,2
2026-03-12,BE,software_engineering,1,0,1
2026-03-12,GE,product_project_analysis,2,0,2
2026-03-12,LU,software_engineering,1,0,1
2026-03-12,SG,erp_business_systems,1,0,1
2026-03-12,TG,product_project_analysis,1,0,1
2026-03-12,Unknown,software_engineering,1,0,1
2026-03-12,VD,software_engineering,1,0,1
2026-03-12,ZG,data_ai,1,0,1
2026-03-12,ZH,data_ai,4,0,4
2026-03-12,ZH,devops_cloud_platform,4,0,4
2026-03-12,ZH,erp_business_systems,1,0,1
2026-03-12,ZH,product_project_analysis,5,0,5
2026-03-12,ZH,qa_testing,1,0,1
2026-03-12,ZH,software_engineering,6,0,6
2026-03-12,ZH,support_operations,3,0,3
2026-03-13,AG,product_project_analysis,1,0,1
2026-03-13,AG,security,1,0,1
2026-03-13,BE,product_project_analysis,1,0,1
2026-03-13,BE,security,1,0,1
2026-03-13,GE,security,2,0,2
2026-03-13,LU,security,1,0,1
2026-03-13,Unknown,devops_cloud_platform,1,0,1
2026-03-13,ZH,data_ai,2,0,2
2026-03-13,ZH,devops_cloud_platform,2,0,2
2026-03-13,ZH,product_project_analysis,4,0,4
2026-03-13,ZH,security,7,0,7
2026-03-13,ZH,software_engineering,5,0,5
2026-03-13,ZH,support_operations,1,0,1
2026-03-14,BE,devops_cloud_platform,1,0,1
2026-03-14,BE,software_engineering,1,0,1
2026-03-14,BL,qa_testing,1,0,1
2026-03-14,TI,software_engineering,1,0,1
2026-03-14,ZG,security,1,0,1
2026-03-14,ZH,devops_cloud_platform,2,0,2
2026-03-14,ZH,product_project_analysis,1,0,1
2026-03-14,ZH,software_engineering,1,0,1
2026-03-15,AG,support_operations,1,0,1
2026-03-16,AG,security,1,0,1
2026-03-16,BE,product_project_analysis,1,0,1
2026-03-16,BL,product_project_analysis,1,0,1
2026-03-16,GE,data_ai,1,0,1
2026-03-16,LU,devops_cloud_platform,2,0,2
2026-03-16,LU,product_project_analysis,1,0,1
2026-03-16,LU,software_engineering,1,0,1
2026-03-16,SO,devops_cloud_platform,1,0,1
2026-03-16,SZ,software_engineering,1,0,1
2026-03-16,TI,software_engineering,1,0,1
2026-03-16,Unknown,product_project_analysis,2,0,2
2026-03-16,ZH,data_ai,3,0,3
2026-03-16,ZH,devops_cloud_platform,2,0,2
2026-03-16,ZH,product_project_analysis,1,0,1
2026-03-16,ZH,qa_testing,1,0,1
2026-03-16,ZH,security,3,0,3
2026-03-16,ZH,software_engineering,4,0,4
2026-03-16,ZH,ux_ui_design,1,0,1
2026-03-17,AG,software_engineering,2,0,2
2026-03-17,BE,devops_cloud_platform,2,0,2
2026-03-17,BE,software_engineering,1,0,1
2026-03-17,LU,devops_cloud_platform,1,0,1
2026-03-17,SG,devops_cloud_platform,1,0,1
2026-03-17,SH,qa_testing,1,0,1
2026-03-17,SO,software_engineering,1,0,1
2026-03-17,Unknown,devops_cloud_platform,2,0,2
2026-03-17,Unknown,software_engineering,1,0,1
2026-03-17,VD,product_project_analysis,1,0,1
2026-03-17,VD,software_engineering,1,0,1
2026-03-17,VS,data_ai,1,0,1
2026-03-17,VS,devops_cloud_platform,1,0,1
2026-03-17,VS,ux_ui_design,2,0,2
2026-03-17,ZG,devops_cloud_platform,3,0,3
2026-03-17,ZH,data_ai,1,0,1
2026-03-17,ZH,devops_cloud_platform,5,0,5
2026-03-17,ZH,product_project_analysis,2,0,2
2026-03-17,ZH,qa_testing,1,0,1
2026-03-17,ZH,security,3,0,3
2026-03-17,ZH,software_engineering,11,0,11
2026-03-17,ZH,support_operations,5,0,5
2026-03-18,AG,devops_cloud_platform,1,0,1
2026-03-18,AG,product_project_analysis,1,0,1
2026-03-18,AG,software_engineering,1,0,1
2026-03-18,AG,support_operations,1,0,1
2026-03-18,BE,devops_cloud_platform,4,0,4
2026-03-18,BE,software_engineering,2,0,2
2026-03-18,BE,support_operations,1,0,1
2026-03-18,BS,data_ai,1,0,1
2026-03-18,GE,data_ai,1,0,1
2026-03-18,GE,security,1,0,1
2026-03-18,GE,support_operations,2,0,2
2026-03-18,LU,devops_cloud_platform,2,0,2
2026-03-18,LU,support_operations,1,0,1
2026-03-18,NE,software_engineering,1,0,1
2026-03-18,Unknown,software_engineering,1,0,1
2026-03-18,ZG,devops_cloud_platform,5,0,5
2026-03-18,ZH,data_ai,3,0,3
2026-03-18,ZH,devops_cloud_platform,5,0,5
2026-03-18,ZH,product_project_analysis,1,0,1
2026-03-18,ZH,security,2,0,2
2026-03-18,ZH,software_engineering,12,0,12
2026-03-18,ZH,support_operations,9,0,9
2026-03-19,AG,devops_cloud_platform,1,0,1
2026-03-19,AG,product_project_analysis,1,0,1
2026-03-19,AR,support_operations,1,0,1
2026-03-19,BE,devops_cloud_platform,1,0,1
2026-03-19,BE,product_project_analysis,2,0,2
2026-03-19,BE,security,1,0,1
2026-03-19,BS,security,1,0,1
2026-03-19,BS,software_engineering,1,0,1
2026-03-19,GE,software_engineering,1,0,1
2026-03-19,GR,security,1,0,1
2026-03-19,GR,software_engineering,1,0,1
2026-03-19,LU,devops_cloud_platform,1,0,1
2026-03-19,LU,security,2,0,2
2026-03-19,SG,devops_cloud_platform,2,0,2
2026-03-19,SG,support_operations,1,0,1
2026-03-19,Unknown,data_ai,1,0,1
2026-03-19,Unknown,software_engineering,2,0,2
2026-03-19,VD,qa_testing,1,0,1
2026-03-19,VD,support_operations,1,0,1
2026-03-19,ZH,devops_cloud_platform,3,0,3
2026-03-19,ZH,product_project_analysis,4,0,4
2026-03-19,ZH,security,4,0,4
2026-03-19,ZH,support_operations,3,0,3
2026-03-20,AR,support_operations,1,0,1
2026-03-20,BE,security,1,0,1
2026-03-20,BE,software_engineering,4,0,4
2026-03-20,BE,support_operations,1,0,1
2026-03-20,BL,product_project_analysis,1,0,1
2026-03-20,BL,security,1,0,1
2026-03-20,GE,devops_cloud_platform,1,0,1
2026-03-20,GE,support_operations,1,0,1
2026-03-20,GR,software_engineering,1,0,1
2026-03-20,SG,security,1,0,1
2026-03-20,SG,software_engineering,2,0,2
2026-03-20,SZ,software_engineering,2,0,2
2026-03-20,Unknown,ux_ui_design,1,0,1
2026-03-20,VD,security,1,0,1
2026-03-20,ZG,security,2,0,2
2026-03-20,ZH,data_ai,1,0,1
2026-03-20,ZH,product_project_analysis,2,0,2
2026-03-20,ZH,qa_testing,2,0,2
2026-03-20,ZH,security,4,0,4
2026-03-20,ZH,software_engineering,4,0,4
2026-03-20,ZH,support_operations,2,0,2
2026-03-21,GR,support_operations,1,0,1
2026-03-21,VD,security,1,0,1
2026-03-21,ZH,data_ai,1,0,1
2026-03-21,ZH,devops_cloud_platform,2,0,2
2026-03-21,ZH,product_project_analysis,1,0,1
2026-03-21,ZH,qa_testing,1,0,1
2026-03-21,ZH,security,1,0,1
2026-03-21,ZH,software_engineering,3,0,3
2026-03-22,GR,security,1,0,1
2026-03-22,ZH,software_engineering,1,0,1
2026-03-23,AG,devops_cloud_platform,3,0,3
2026-03-23,BE,devops_cloud_platform,7,0,7
2026-03-23,BE,erp_business_systems,2,0,2
2026-03-23,BE,software_engineering,3,0,3
2026-03-23,GE,devops_cloud_platform,1,0,1
2026-03-23,LU,security,1,0,1
2026-03-23,SO,software_engineering,3,0,3
2026-03-23,VD,data_ai,1,0,1
2026-03-23,VD,product_project_analysis,1,0,1
2026-03-23,VD,software_engineering,3,0,3
2026-03-23,ZG,software_engineering,2,0,2
2026-03-23,ZH,data_ai,1,0,1
2026-03-23,ZH,devops_cloud_platform,5,0,5
2026-03-23,ZH,erp_business_systems,3,0,3
2026-03-23,ZH,product_project_analysis,1,0,1
2026-03-23,ZH,security,2,0,2
2026-03-23,ZH,software_engineering,7,0,7
2026-03-23,ZH,support_operations,3,0,3
2026-03-24,AG,data_ai,1,0,1
2026-03-24,AG,devops_cloud_platform,1,0,1
2026-03-24,AG,security,1,0,1
2026-03-24,BE,data_ai,1,0,1
2026-03-24,BE,security,1,0,1
2026-03-24,BE,software_engineering,2,0,2
2026-03-24,BE,support_operations,2,0,2
2026-03-24,GE,data_ai,1,0,1
2026-03-24,GE,security,1,0,1
2026-03-24,LU,product_project_analysis,1,0,1
2026-03-24,SG,devops_cloud_platform,2,0,2
2026-03-24,SG,software_engineering,1,0,1
2026-03-24,SO,support_operations,2,0,2
2026-03-24,SZ,software_engineering,1,0,1
2026-03-24,TG,software_engineering,2,0,2
2026-03-24,TI,software_engineering,1,0,1
2026-03-24,VD,software_engineering,2,0,2
2026-03-24,VS,software_engineering,1,0,1
2026-03-24,ZH,data_ai,3,0,3
2026-03-24,ZH,devops_cloud_platform,5,0,5
2026-03-24,ZH,erp_business_systems,1,0,1
2026-03-24,ZH,product_project_analysis,1,0,1
2026-03-24,ZH,security,1,0,1
2026-03-24,ZH,software_engineering,4,0,4
2026-03-24,ZH,support_operations,3,0,3
2026-03-24,ZH,ux_ui_design,1,0,1
2026-03-25,AG,devops_cloud_platform,2,0,2
2026-03-25,BE,devops_cloud_platform,1,0,1
2026-03-25,BE,qa_testing,1,0,1
2026-03-25,BE,software_engineering,2,0,2
2026-03-25,BE,support_operations,1,0,1
2026-03-25,BL,support_operations,1,0,1
2026-03-25,BS,product_project_analysis,1,0,1
2026-03-25,FR,software_engineering,1,0,1
2026-03-25,GE,devops_cloud_platform,2,0,2
2026-03-25,GE,security,1,0,1
2026-03-25,GE,software_engineering,1,0,1
2026-03-25,LU,devops_cloud_platform,2,0,2
2026-03-25,SG,devops_cloud_platform,1,0,1
2026-03-25,SO,software_engineering,1,0,1
2026-03-25,UR,support_operations,1,0,1
2026-03-25,Unknown,software_engineering,2,0,2
2026-03-25,Unknown,support_operations,1,0,1
2026-03-25,VD,data_ai,1,0,1
2026-03-25,VD,devops_cloud_platform,1,0,1
2026-03-25,VD,qa_testing,1,0,1
2026-03-25,VD,support_operations,1,0,1
2026-03-25,VS,data_ai,1,0,1
2026-03-25,ZH,data_ai,5,0,5
2026-03-25,ZH,devops_cloud_platform,6,0,6
2026-03-25,ZH,erp_business_systems,1,0,1
2026-03-25,ZH,product_project_analysis,2,0,2
2026-03-25,ZH,qa_testing,2,0,2
2026-03-25,ZH,security,2,0,2
2026-03-25,ZH,software_engineering,8,0,8
2026-03-25,ZH,support_operations,1,0,1
2026-03-26,AG,devops_cloud_platform,1,0,1
2026-03-26,AG,qa_testing,1,0,1
2026-03-26,AG,security,1,0,1
2026-03-26,AG,software_engineering,2,0,2
2026-03-26,BE,devops_cloud_platform,3,0,3
2026-03-26,BE,product_project_analysis,1,0,1
2026-03-26,BE,qa_testing,1,0,1
2026-03-26,BE,software_engineering,4,0,4
2026-03-26,BL,devops_cloud_platform,2,0,2
2026-03-26,BS,data_ai,1,0,1
2026-03-26,FR,devops_cloud_platform,1,0,1
2026-03-26,GE,data_ai,3,0,3
2026-03-26,GE,product_project_analysis,1,0,1
2026-03-26,GE,security,1,0,1
2026-03-26,GE,software_engineering,1,0,1
2026-03-26,LU,devops_cloud_platform,1,0,1
2026-03-26,LU,security,1,0,1
2026-03-26,NE,software_engineering,1,0,1
2026-03-26,TG,qa_testing,1,0,1
2026-03-26,Unknown,devops_cloud_platform,1,0,1
2026-03-26,VD,devops_cloud_platform,3,0,3
2026-03-26,VD,erp_business_systems,1,0,1
2026-03-26,VD,product_project_analysis,1,0,1
2026-03-26,VD,software_engineering,1,0,1
2026-03-26,ZG,devops_cloud_platform,1,0,1
2026-03-26,ZG,product_project_analysis,1,0,1
2026-03-26,ZH,data_ai,5,0,5
2026-03-26,ZH,devops_cloud_platform,13,0,13
2026-03-26,ZH,erp_business_systems,2,0,2
2026-03-26,ZH,product_project_analysis,8,0,8
2026-03-26,ZH,qa_testing,4,0,4
2026-03-26,ZH,security,8,0,8
2026-03-26,ZH,software_engineering,23,0,23
2026-03-26,ZH,support_operations,1,0,1
2026-03-27,AG,devops_cloud_platform,1,0,1
2026-03-27,AG,software_engineering,1,0,1
2026-03-27,BE,devops_cloud_platform,2,0,2
2026-03-27,BE,product_project_analysis,1,0,1
2026-03-27,BE,software_engineering,3,0,3
2026-03-27,BE,support_operations,2,0,2
2026-03-27,BL,devops_cloud_platform,4,0,4
2026-03-27,BL,software_engineering,1,0,1
2026-03-27,BS,data_ai,1,0,1
2026-03-27,BS,devops_cloud_platform,1,0,1
2026-03-27,BS,product_project_analysis,1,0,1
2026-03-27,BS,security,1,0,1
2026-03-27,LU,software_engineering,1,0,1
2026-03-27,SO,devops_cloud_platform,1,0,1
2026-03-27,TG,security,1,0,1
2026-03-27,VD,data_ai,1,0,1
2026-03-27,VD,product_project_analysis,3,0,3
2026-03-27,ZH,data_ai,2,0,2
2026-03-27,ZH,devops_cloud_platform,17,0,17
2026-03-27,ZH,erp_business_systems,2,0,2
2026-03-27,ZH,product_project_analysis,4,0,4
2026-03-27,ZH,security,2,0,2
2026-03-27,ZH,software_engineering,14,0,14
2026-03-27,ZH,support_operations,5,0,5
2026-03-28,BL,devops_cloud_platform,1,0,1
2026-03-28,GE,software_engineering,1,0,1
2026-03-28,LU,software_engineering,1,0,1
2026-03-28,SG,software_engineering,1,0,1
2026-03-28,TG,devops_cloud_platform,1,0,1
2026-03-28,TI,devops_cloud_platform,1,0,1
2026-03-28,Unknown,devops_cloud_platform,1,0,1
2026-03-28,Unknown,security,1,0,1
2026-03-28,VS,software_engineering,1,0,1
2026-03-28,ZH,data_ai,1,0,1
2026-03-28,ZH,devops_cloud_platform,2,0,2
2026-03-28,ZH,product_project_analysis,1,0,1
2026-03-28,ZH,security,2,0,2
2026-03-28,ZH,software_engineering,2,0,2
2026-03-29,VD,product_project_analysis,1,0,1
2026-03-29,ZH,devops_cloud_platform,2,0,2
2026-03-29,ZH,software_engineering,2,0,2
2026-03-29,ZH,support_operations,1,0,1
2026-03-30,AG,software_engineering,1,0,1
2026-03-30,BE,devops_cloud_platform,3,0,3
2026-03-30,BE,product_project_analysis,1,0,1
2026-03-30,BE,software_engineering,2,0,2
2026-03-30,BE,support_operations,4,0,4
2026-03-30,BS,software_engineering,1,0,1
2026-03-30,GE,product_project_analysis,1,0,1
2026-03-30,GE,software_engineering,1,0,1
2026-03-30,LU,software_engineering,1,0,1
2026-03-30,LU,support_operations,1,0,1
2026-03-30,SG,software_engineering,1,0,1
2026-03-30,SO,devops_cloud_platform,2,0,2
2026-03-30,TG,security,1,0,1
2026-03-30,Unknown,devops_cloud_platform,2,0,2
2026-03-30,Unknown,software_engineering,1,0,1
2026-03-30,VD,data_ai,1,0,1
2026-03-30,VD,security,1,0,1
2026-03-30,VD,software_engineering,3,0,3
2026-03-30,VS,software_engineering,1,0,1
2026-03-30,ZG,security,1,0,1
2026-03-30,ZH,data_ai,2,0,2
2026-03-30,ZH,devops_cloud_platform,20,0,20
2026-03-30,ZH,product_project_analysis,5,0,5
2026-03-30,ZH,qa_testing,2,0,2
2026-03-30,ZH,security,5,0,5
2026-03-30,ZH,software_engineering,20,0,20
2026-03-30,ZH,support_operations,3,0,3
2026-03-31,BE,data_ai,1,0,1
2026-03-31,BE,devops_cloud_platform,1,0,1
2026-03-31,BE,software_engineering,2,0,2
2026-03-31,BS,security,1,0,1
2026-03-31,BS,software_engineering,1,0,1
2026-03-31,GE,devops_cloud_platform,1,0,1
2026-03-31,GL,product_project_analysis,1,0,1
2026-03-31,GR,software_engineering,1,0,1
2026-03-31,TG,security,1,0,1
2026-03-31,VD,erp_business_systems,1,0,1
2026-03-31,VD,product_project_analysis,1,0,1
2026-03-31,VD,software_engineering,2,0,2
2026-03-31,ZG,security,1,0,1
2026-03-31,ZG,software_engineering,1,0,1
2026-03-31,ZH,data_ai,1,0,1
2026-03-31,ZH,devops_cloud_platform,6,0,6
2026-03-31,ZH,erp_business_systems,1,0,1
2026-03-31,ZH,product_project_analysis,4,0,4
2026-03-31,ZH,qa_testing,1,0,1
2026-03-31,ZH,security,1,0,1
2026-03-31,ZH,software_engineering,10,0,10
2026-03-31,ZH,support_operations,2,0,2
2026-04-01,AG,data_ai,1,0,1
2026-04-01,AG,devops_cloud_platform,6,0,6
2026-04-01,AG,security,1,0,1
2026-04-01,AG,software_engineering,2,0,2
2026-04-01,AG,support_operations,4,0,4
2026-04-01,AR,ux_ui_design,1,0,1
2026-04-01,BE,data_ai,1,0,1
2026-04-01,BE,devops_cloud_platform,6,0,6
2026-04-01,BE,product_project_analysis,7,0,7
2026-04-01,BE,security,2,0,2
2026-04-01,BE,software_engineering,9,0,9
2026-04-01,BE,support_operations,2,0,2
2026-04-01,BL,data_ai,1,0,1
2026-04-01,BL,devops_cloud_platform,2,0,2
2026-04-01,BL,product_project_analysis,1,0,1
2026-04-01,BL,software_engineering,1,0,1
2026-04-01,BS,data_ai,1,0,1
2026-04-01,BS,devops_cloud_platform,1,0,1
2026-04-01,BS,product_project_analysis,1,0,1
2026-04-01,BS,security,1,0,1
2026-04-01,BS,software_engineering,3,0,3
2026-04-01,BS,support_operations,1,0,1
2026-04-01,GE,data_ai,2,0,2
2026-04-01,GE,devops_cloud_platform,2,0,2
2026-04-01,GE,product_project_analysis,3,0,3
2026-04-01,GE,security,4,0,4
2026-04-01,GE,software_engineering,7,0,7
2026-04-01,GR,devops_cloud_platform,2,0,2
2026-04-01,GR,product_project_analysis,3,0,3
2026-04-01,GR,software_engineering,1,0,1
2026-04-01,LU,devops_cloud_platform,2,0,2
2026-04-01,LU,product_project_analysis,1,0,1
2026-04-01,NE,software_engineering,1,0,1
2026-04-01,NW,data_ai,1,0,1
2026-04-01,SG,devops_cloud_platform,1,0,1
2026-04-01,SG,product_project_analysis,1,0,1
2026-04-01,SG,software_engineering,5,0,5
2026-04-01,SG,support_operations,1,0,1
2026-04-01,SO,devops_cloud_platform,2,0,2
2026-04-01,SO,security,1,0,1
2026-04-01,SO,software_engineering,2,0,2
2026-04-01,SZ,product_project_analysis,1,0,1
2026-04-01,TG,devops_cloud_platform,4,0,4
2026-04-01,TG,security,2,0,2
2026-04-01,TG,software_engineering,2,0,2
2026-04-01,TG,support_operations,2,0,2
2026-04-01,TI,data_ai,1,0,1
2026-04-01,TI,product_project_analysis,1,0,1
2026-04-01,Unknown,data_ai,2,0,2
2026-04-01,Unknown,devops_cloud_platform,5,0,5
2026-04-01,Unknown,product_project_analysis,2,0,2
2026-04-01,Unknown,qa_testing,1,0,1
2026-04-01,Unknown,software_engineering,3,0,3
2026-04-01,Unknown,support_operations,1,0,1
2026-04-01,VD,data_ai,6,0,6
2026-04-01,VD,erp_business_systems,2,0,2
2026-04-01,VD,product_project_analysis,5,0,5
2026-04-01,VD,qa_testing,1,0,1
2026-04-01,VD,security,1,0,1
2026-04-01,VD,software_engineering,4,0,4
2026-04-01,VD,support_operations,2,0,2
2026-04-01,ZG,devops_cloud_platform,1,0,1
2026-04-01,ZG,product_project_analysis,1,0,1
2026-04-01,ZH,data_ai,11,0,11
2026-04-01,ZH,devops_cloud_platform,23,0,23
2026-04-01,ZH,erp_business_systems,1,0,1
2026-04-01,ZH,product_project_analysis,14,0,14
2026-04-01,ZH,security,11,0,11
2026-04-01,ZH,software_engineering,44,0,44
2026-04-01,ZH,support_operations,11,0,11
2026-04-01,ZH,ux_ui_design,1,0,1
2026-04-02,AG,software_engineering,1,0,1
2026-04-02,BE,data_ai,1,0,1
2026-04-02,BE,devops_cloud_platform,6,0,6
2026-04-02,BE,product_project_analysis,5,0,5
2026-04-02,BE,qa_testing,6,0,6
2026-04-02,BE,security,4,0,4
2026-04-02,BE,software_engineering,10,0,10
2026-04-02,BE,support_operations,2,0,2
2026-04-02,BL,support_operations,1,0,1
2026-04-02,BS,devops_cloud_platform,1,0,1
2026-04-02,BS,qa_testing,1,0,1
2026-04-02,BS,security,2,0,2
2026-04-02,BS,software_engineering,3,0,3
2026-04-02,FR,devops_cloud_platform,1,0,1
2026-04-02,FR,erp_business_systems,1,0,1
2026-04-02,GE,data_ai,3,0,3
2026-04-02,GE,devops_cloud_platform,7,0,7
2026-04-02,GE,product_project_analysis,2,0,2
2026-04-02,GE,software_engineering,3,0,3
2026-04-02,GE,support_operations,1,0,1
2026-04-02,GR,devops_cloud_platform,1,0,1
2026-04-02,LU,data_ai,1,0,1
2026-04-02,LU,devops_cloud_platform,1,0,1
2026-04-02,LU,security,1,0,1
2026-04-02,LU,software_engineering,1,0,1
2026-04-02,LU,support_operations,1,0,1
2026-04-02,NW,devops_cloud_platform,1,0,1
2026-04-02,SG,devops_cloud_platform,4,0,4
2026-04-02,SG,qa_testing,1,0,1
2026-04-02,SH,devops_cloud_platform,1,0,1
2026-04-02,SH,support_operations,1,0,1
2026-04-02,SO,product_project_analysis,1,0,1
2026-04-02,SO,qa_testing,1,0,1
2026-04-02,SO,security,1,0,1
2026-04-02,SO,software_engineering,1,0,1
2026-04-02,TG,product_project_analysis,1,0,1
2026-04-02,TG,software_engineering,1,0,1
2026-04-02,TI,security,1,0,1
2026-04-02,Unknown,data_ai,2,0,2
2026-04-02,Unknown,devops_cloud_platform,1,0,1
2026-04-02,Unknown,product_project_analysis,1,0,1
2026-04-02,Unknown,security,1,0,1
2026-04-02,Unknown,software_engineering,8,0,8
2026-04-02,VD,data_ai,2,0,2
2026-04-02,VD,devops_cloud_platform,3,0,3
2026-04-02,VD,product_project_analysis,3,0,3
2026-04-02,VD,qa_testing,2,0,2
2026-04-02,VD,security,1,0,1
2026-04-02,VD,software_engineering,7,0,7
2026-04-02,VD,support_operations,1,0,1
2026-04-02,VS,security,1,0,1
2026-04-02,ZG,data_ai,1,0,1
2026-04-02,ZG,devops_cloud_platform,1,0,1
2026-04-02,ZG,security,1,0,1
2026-04-02,ZG,support_operations,1,0,1
2026-04-02,ZH,data_ai,14,0,14
2026-04-02,ZH,devops_cloud_platform,45,0,45
2026-04-02,ZH,erp_business_systems,3,0,3
2026-04-02,ZH,product_project_analysis,16,0,16
2026-04-02,ZH,qa_testing,4,0,4
2026-04-02,ZH,security,11,0,11
2026-04-02,ZH,software_engineering,61,0,61
2026-04-02,ZH,support_operations,10,0,10
2026-04-03,AR,software_engineering,1,0,1
2026-04-03,BE,software_engineering,1,0,1
2026-04-03,BS,qa_testing,1,0,1
2026-04-03,VD,data_ai,1,0,1
2026-04-03,VD,product_project_analysis,1,0,1
2026-04-03,ZG,devops_cloud_platform,2,0,2
2026-04-03,ZG,erp_business_systems,5,0,5
2026-04-03,ZG,software_engineering,1,0,1
2026-04-03,ZH,data_ai,1,0,1
2026-04-03,ZH,devops_cloud_platform,6,0,6
2026-04-03,ZH,erp_business_systems,1,0,1
2026-04-03,ZH,product_project_analysis,3,0,3
2026-04-03,ZH,qa_testing,2,0,2
2026-04-03,ZH,security,3,0,3
2026-04-03,ZH,software_engineering,5,0,5
2026-04-03,ZH,support_operations,1,0,1
2026-04-04,LU,security,1,0,1
2026-04-04,SO,product_project_analysis,1,0,1
2026-04-04,Unknown,software_engineering,1,0,1
2026-04-04,VD,software_engineering,1,0,1
2026-04-04,ZH,data_ai,1,0,1
2026-04-04,ZH,devops_cloud_platform,1,0,1
2026-04-04,ZH,product_project_analysis,2,0,2
2026-04-04,ZH,software_engineering,1,0,1
2026-04-05,BE,security,1,0,1
2026-04-05,GE,support_operations,1,0,1
2026-04-05,LU,software_engineering,1,0,1
2026-04-05,OW,support_operations,1,0,1
2026-04-05,ZH,devops_cloud_platform,2,0,2
2026-04-05,ZH,security,2,0,2
2026-04-06,BE,devops_cloud_platform,1,0,1
2026-04-06,BS,software_engineering,1,0,1
2026-04-06,LU,data_ai,2,0,2
2026-04-06,NE,security,1,0,1
2026-04-06,Unknown,software_engineering,1,0,1
2026-04-06,ZG,devops_cloud_platform,1,0,1
2026-04-06,ZH,devops_cloud_platform,2,0,2
2026-04-06,ZH,product_project_analysis,3,0,3
2026-04-06,ZH,software_engineering,6,0,6
2026-04-07,AG,software_engineering,2,0,2
2026-04-07,AR,devops_cloud_platform,1,0,1
2026-04-07,AR,software_engineering,3,0,3
2026-04-07,BE,data_ai,1,0,1
2026-04-07,BE,devops_cloud_platform,2,0,2
2026-04-07,BE,erp_business_systems,1,0,1
2026-04-07,BE,product_project_analysis,3,0,3
2026-04-07,BE,security,1,0,1
2026-04-07,BE,software_engineering,4,0,4
2026-04-07,BE,support_operations,1,0,1
2026-04-07,BS,product_project_analysis,2,0,2
2026-04-07,BS,qa_testing,1,0,1
2026-04-07,FR,support_operations,1,0,1
2026-04-07,GE,devops_cloud_platform,1,0,1
2026-04-07,GE,product_project_analysis,1,0,1
2026-04-07,GE,security,1,0,1
2026-04-07,LU,data_ai,1,0,1
2026-04-07,LU,devops_cloud_platform,1,0,1
2026-04-07,LU,product_project_analysis,1,0,1
2026-04-07,LU,software_engineering,2,0,2
2026-04-07,LU,support_operations,1,0,1
2026-04-07,SG,devops_cloud_platform,1,0,1
2026-04-07,SG,software_engineering,2,0,2
2026-04-07,SH,devops_cloud_platform,1,0,1
2026-04-07,SO,devops_cloud_platform,1,0,1
2026-04-07,TG,devops_cloud_platform,1,0,1
2026-04-07,TI,software_engineering,1,0,1
2026-04-07,Unknown,product_project_analysis,1,0,1
2026-04-07,VD,data_ai,1,0,1
2026-04-07,VD,security,1,0,1
2026-04-07,VD,software_engineering,1,0,1
2026-04-07,ZG,devops_cloud_platform,1,0,1
2026-04-07,ZH,devops_cloud_platform,2,0,2
2026-04-07,ZH,product_project_analysis,3,0,3
2026-04-07,ZH,qa_testing,2,0,2
2026-04-07,ZH,security,4,0,4
2026-04-07,ZH,software_engineering,12,0,12
2026-04-07,ZH,support_operations,8,0,8
2026-04-08,AG,devops_cloud_platform,1,0,1
2026-04-08,AG,software_engineering,1,0,1
2026-04-08,AG,support_operations,1,0,1
2026-04-08,BE,software_engineering,4,0,4
2026-04-08,BE,support_operations,2,0,2
2026-04-08,BS,software_engineering,1,0,1
2026-04-08,GE,software_engineering,1,0,1
2026-04-08,LU,product_project_analysis,1,0,1
2026-04-08,NE,software_engineering,1,0,1
2026-04-08,SG,product_project_analysis,1,0,1
2026-04-08,SG,security,1,0,1
2026-04-08,SG,software_engineering,1,0,1
2026-04-08,SH,security,1,0,1
2026-04-08,SO,devops_cloud_platform,1,0,1
2026-04-08,SZ,support_operations,1,0,1
2026-04-08,Unknown,product_project_analysis,1,0,1
2026-04-08,Unknown,software_engineering,1,0,1
2026-04-08,VD,data_ai,1,0,1
2026-04-08,VD,support_operations,1,0,1
2026-04-08,ZG,devops_cloud_platform,1,0,1
2026-04-08,ZG,software_engineering,1,0,1
2026-04-08,ZH,data_ai,1,0,1
2026-04-08,ZH,devops_cloud_platform,2,0,2
2026-04-08,ZH,erp_business_systems,1,0,1
2026-04-08,ZH,product_project_analysis,6,0,6
2026-04-08,ZH,qa_testing,3,0,3
2026-04-08,ZH,security,4,0,4
2026-04-08,ZH,software_engineering,15,0,15
2026-04-08,ZH,support_operations,6,0,6
2026-04-09,AG,devops_cloud_platform,2,0,2
2026-04-09,AG,qa_testing,2,0,2
2026-04-09,AG,security,1,0,1
2026-04-09,AG,software_engineering,3,0,3
2026-04-09,BE,data_ai,3,0,3
2026-04-09,BE,devops_cloud_platform,10,0,10
2026-04-09,BE,product_project_analysis,2,0,2
2026-04-09,BE,qa_testing,3,0,3
2026-04-09,BE,security,2,0,2
2026-04-09,BE,software_engineering,6,0,6
2026-04-09,BE,support_operations,3,0,3
2026-04-09,BL,devops_cloud_platform,1,0,1
2026-04-09,BS,devops_cloud_platform,3,0,3
2026-04-09,BS,product_project_analysis,1,0,1
2026-04-09,BS,software_engineering,3,0,3
2026-04-09,GE,data_ai,3,0,3
2026-04-09,GE,devops_cloud_platform,2,0,2
2026-04-09,GE,product_project_analysis,4,0,4
2026-04-09,GE,security,3,0,3
2026-04-09,GE,software_engineering,11,0,11
2026-04-09,GE,support_operations,1,0,1
2026-04-09,GR,product_project_analysis,1,0,1
2026-04-09,LU,devops_cloud_platform,2,0,2
2026-04-09,LU,software_engineering,1,0,1
2026-04-09,NE,data_ai,3,0,3
2026-04-09,NE,devops_cloud_platform,2,0,2
2026-04-09,NE,security,1,0,1
2026-04-09,NE,software_engineering,1,0,1
2026-04-09,NW,product_project_analysis,1,0,1
2026-04-09,SG,product_project_analysis,1,0,1
2026-04-09,SG,security,1,0,1
2026-04-09,SG,support_operations,1,0,1
2026-04-09,SO,devops_cloud_platform,1,0,1
2026-04-09,SO,software_engineering,3,0,3
2026-04-09,SZ,software_engineering,1,0,1
2026-04-09,TG,devops_cloud_platform,1,0,1
2026-04-09,TI,product_project_analysis,2,0,2
2026-04-09,TI,software_engineering,2,0,2
2026-04-09,Unknown,data_ai,2,0,2
2026-04-09,Unknown,devops_cloud_platform,2,0,2
2026-04-09,Unknown,product_project_analysis,3,0,3
2026-04-09,Unknown,qa_testing,7,0,7
2026-04-09,Unknown,security,2,0,2
2026-04-09,Unknown,software_engineering,7,0,7
2026-04-09,Unknown,support_operations,2,0,2
2026-04-09,VD,data_ai,2,0,2
2026-04-09,VD,devops_cloud_platform,3,0,3
2026-04-09,VD,erp_business_systems,1,0,1
2026-04-09,VD,product_project_analysis,4,0,4
2026-04-09,VD,qa_testing,2,0,2
2026-04-09,VD,security,2,0,2
2026-04-09,VD,software_engineering,10,0,10
2026-04-09,VD,support_operations,2,0,2
2026-04-09,VD,ux_ui_design,1,0,1
2026-04-09,VS,devops_cloud_platform,1,0,1
2026-04-09,ZG,devops_cloud_platform,1,0,1
2026-04-09,ZG,security,1,0,1
2026-04-09,ZG,software_engineering,3,0,3
2026-04-09,ZG,support_operations,1,0,1
2026-04-09,ZH,data_ai,23,0,23
2026-04-09,ZH,devops_cloud_platform,28,0,28
2026-04-09,ZH,erp_business_systems,2,0,2
2026-04-09,ZH,product_project_analysis,20,0,20
2026-04-09,ZH,qa_testing,5,0,5
2026-04-09,ZH,security,15,0,15
2026-04-09,ZH,software_engineering,78,0,78
2026-04-09,ZH,support_operations,10,0,10
2026-04-10,AG,security,1,0,1
2026-04-10,AG,software_engineering,4,0,4
2026-04-10,BE,data_ai,1,0,1
2026-04-10,BE,devops_cloud_platform,1,0,1
2026-04-10,BE,product_project_analysis,1,0,1
2026-04-10,BE,qa_testing,1,0,1
2026-04-10,BE,software_engineering,1,0,1
2026-04-10,BE,support_operations,2,0,2
2026-04-10,BL,product_project_analysis,1,0,1
2026-04-10,BS,devops_cloud_platform,1,0,1
2026-04-10,BS,product_project_analysis,1,0,1
2026-04-10,BS,software_engineering,1,0,1
2026-04-10,BS,support_operations,1,0,1
2026-04-10,GE,data_ai,2,0,2
2026-04-10,GE,product_project_analysis,1,0,1
2026-04-10,GE,software_engineering,1,0,1
2026-04-10,LU,devops_cloud_platform,1,0,1
2026-04-10,LU,product_project_analysis,1,0,1
2026-04-10,LU,software_engineering,2,0,2
2026-04-10,LU,ux_ui_design,1,0,1
2026-04-10,SG,devops_cloud_platform,1,0,1
2026-04-10,SG,support_operations,1,0,1
2026-04-10,SO,product_project_analysis,1,0,1
2026-04-10,SZ,software_engineering,1,0,1
2026-04-10,TI,software_engineering,1,0,1
2026-04-10,Unknown,data_ai,1,0,1
2026-04-10,VD,data_ai,1,0,1
2026-04-10,VD,product_project_analysis,1,0,1
2026-04-10,ZG,data_ai,2,0,2
2026-04-10,ZH,data_ai,2,0,2
2026-04-10,ZH,devops_cloud_platform,4,0,4
2026-04-10,ZH,erp_business_systems,2,0,2
2026-04-10,ZH,product_project_analysis,9,0,9
2026-04-10,ZH,qa_testing,1,0,1
2026-04-10,ZH,security,6,0,6
2026-04-10,ZH,software_engineering,13,0,13
2026-04-10,ZH,support_operations,6,0,6
2026-04-11,BE,security,1,0,1
2026-04-11,BE,software_engineering,1,0,1
2026-04-11,GE,data_ai,1,0,1
2026-04-11,GE,product_project_analysis,1,0,1
2026-04-11,LU,devops_cloud_platform,1,0,1
2026-04-11,VD,software_engineering,1,0,1
2026-04-11,VD,support_operations,2,0,2
2026-04-11,ZH,devops_cloud_platform,2,0,2
2026-04-11,ZH,product_project_analysis,3,0,3
2026-04-11,ZH,security,4,0,4
2026-04-11,ZH,software_engineering,8,0,8
2026-04-11,ZH,support_operations,2,0,2
2026-04-12,BE,product_project_analysis,1,0,1
2026-04-12,BE,software_engineering,1,0,1
2026-04-12,GE,data_ai,2,0,2
2026-04-12,GE,devops_cloud_platform,1,0,1
2026-04-12,GE,security,1,0,1
2026-04-12,GE,software_engineering,3,0,3
2026-04-12,LU,product_project_analysis,1,0,1
2026-04-12,NE,data_ai,1,0,1
2026-04-12,SZ,product_project_analysis,1,0,1
2026-04-12,VD,data_ai,1,0,1
2026-04-12,VD,product_project_analysis,1,0,1
2026-04-12,VD,qa_testing,1,0,1
2026-04-12,ZG,product_project_analysis,1,0,1
2026-04-12,ZH,data_ai,2,0,2
2026-04-12,ZH,devops_cloud_platform,1,0,1
2026-04-12,ZH,product_project_analysis,1,0,1
2026-04-12,ZH,software_engineering,4,0,4
2026-04-12,ZH,support_operations,3,0,3
2026-04-13,AG,devops_cloud_platform,2,0,2
2026-04-13,AG,security,1,0,1
2026-04-13,AG,support_operations,1,0,1
2026-04-13,BE,data_ai,4,0,4
2026-04-13,BE,devops_cloud_platform,1,0,1
2026-04-13,BE,product_project_analysis,3,0,3
2026-04-13,BE,security,1,0,1
2026-04-13,BE,software_engineering,2,0,2
2026-04-13,BE,support_operations,1,0,1
2026-04-13,BL,devops_cloud_platform,1,0,1
2026-04-13,BS,devops_cloud_platform,1,0,1
2026-04-13,BS,product_project_analysis,1,0,1
2026-04-13,BS,security,1,0,1
2026-04-13,BS,software_engineering,1,0,1
2026-04-13,FR,qa_testing,1,0,1
2026-04-13,GE,qa_testing,1,0,1
2026-04-13,GR,security,1,0,1
2026-04-13,LU,devops_cloud_platform,2,0,2
2026-04-13,LU,product_project_analysis,1,0,1
2026-04-13,LU,security,1,0,1
2026-04-13,NE,software_engineering,1,0,1
2026-04-13,SG,software_engineering,1,0,1
2026-04-13,SO,devops_cloud_platform,1,0,1
2026-04-13,TG,software_engineering,1,0,1
2026-04-13,Unknown,product_project_analysis,1,0,1
2026-04-13,Unknown,software_engineering,2,0,2
2026-04-13,VD,product_project_analysis,1,0,1
2026-04-13,VD,qa_testing,1,0,1
2026-04-13,VD,software_engineering,1,0,1
2026-04-13,VD,support_operations,1,0,1
2026-04-13,ZG,software_engineering,1,0,1
2026-04-13,ZH,data_ai,5,0,5
2026-04-13,ZH,devops_cloud_platform,11,0,11
2026-04-13,ZH,erp_business_systems,4,0,4
2026-04-13,ZH,product_project_analysis,5,0,5
2026-04-13,ZH,qa_testing,3,0,3
2026-04-13,ZH,security,6,0,6
2026-04-13,ZH,software_engineering,15,0,15
2026-04-13,ZH,support_operations,7,0,7
2026-04-14,AG,devops_cloud_platform,1,3,-2
2026-04-14,AG,security,1,0,1
2026-04-14,AG,software_engineering,0,5,-5
2026-04-14,AG,support_operations,0,1,-1
2026-04-14,AR,software_engineering,0,1,-1
2026-04-14,BE,data_ai,0,1,-1
2026-04-14,BE,devops_cloud_platform,1,3,-2
2026-04-14,BE,product_project_analysis,3,6,-3
2026-04-14,BE,qa_testing,1,0,1
2026-04-14,BE,software_engineering,4,10,-6
2026-04-14,BE,support_operations,0,4,-4
2026-04-14,BL,product_project_analysis,0,1,-1
2026-04-14,BL,security,0,1,-1
2026-04-14,BL,support_operations,0,1,-1
2026-04-14,BS,data_ai,1,1,0
2026-04-14,BS,devops_cloud_platform,0,1,-1
2026-04-14,BS,product_project_analysis,1,2,-1
2026-04-14,BS,security,0,1,-1
2026-04-14,BS,software_engineering,0,1,-1
2026-04-14,BS,support_operations,1,0,1
2026-04-14,FR,qa_testing,1,0,1
2026-04-14,FR,software_engineering,0,1,-1
2026-04-14,GE,data_ai,0,1,-1
2026-04-14,GE,product_project_analysis,1,0,1
2026-04-14,GE,qa_testing,0,1,-1
2026-04-14,GE,software_engineering,1,4,-3
2026-04-14,GE,support_operations,0,1,-1
2026-04-14,GL,product_project_analysis,0,1,-1
2026-04-14,LU,devops_cloud_platform,0,2,-2
2026-04-14,LU,product_project_analysis,1,2,-1
2026-04-14,LU,security,0,1,-1
2026-04-14,LU,software_engineering,0,2,-2
2026-04-14,NE,data_ai,0,1,-1
2026-04-14,NE,qa_testing,0,1,-1
2026-04-14,NE,software_engineering,0,1,-1
2026-04-14,SG,devops_cloud_platform,0,1,-1
2026-04-14,SG,software_engineering,0,3,-3
2026-04-14,SG,support_operations,0,1,-1
2026-04-14,SH,devops_cloud_platform,0,3,-3
2026-04-14,SO,devops_cloud_platform,0,3,-3
2026-04-14,SZ,product_project_analysis,0,1,-1
2026-04-14,SZ,software_engineering,0,3,-3
2026-04-14,TG,software_engineering,1,0,1
2026-04-14,TI,devops_cloud_platform,1,0,1
2026-04-14,TI,product_project_analysis,0,1,-1
2026-04-14,TI,software_engineering,0,1,-1
2026-04-14,Unknown,data_ai,0,1,-1
2026-04-14,Unknown,devops_cloud_platform,1,0,1
2026-04-14,Unknown,product_project_analysis,0,3,-3
2026-04-14,Unknown,qa_testing,1,0,1
2026-04-14,Unknown,security,0,1,-1
2026-04-14,Unknown,software_engineering,0,5,-5
2026-04-14,Unknown,support_operations,1,3,-2
2026-04-14,Unknown,ux_ui_design,0,1,-1
2026-04-14,VD,data_ai,2,3,-1
2026-04-14,VD,erp_business_systems,0,1,-1
2026-04-14,VD,product_project_analysis,1,1,0
2026-04-14,VD,security,0,1,-1
2026-04-14,VD,support_operations,0,3,-3
2026-04-14,VS,data_ai,0,1,-1
2026-04-14,VS,devops_cloud_platform,0,1,-1
2026-04-14,VS,ux_ui_design,0,2,-2
2026-04-14,ZG,data_ai,0,1,-1
2026-04-14,ZG,devops_cloud_platform,0,8,-8
2026-04-14,ZG,product_project_analysis,0,1,-1
2026-04-14,ZG,security,0,2,-2
2026-04-14,ZG,software_engineering,0,3,-3
2026-04-14,ZG,support_operations,0,1,-1
2026-04-14,ZH,data_ai,6,7,-1
2026-04-14,ZH,devops_cloud_platform,9,21,-12
2026-04-14,ZH,erp_business_systems,0,1,-1
2026-04-14,ZH,product_project_analysis,6,14,-8
2026-04-14,ZH,qa_testing,3,5,-2
2026-04-14,ZH,security,9,10,-1
2026-04-14,ZH,software_engineering,18,51,-33
2026-04-14,ZH,support_operations,5,16,-11
2026-04-15,AG,qa_testing,1,0,1
2026-04-15,BE,data_ai,1,0,1
2026-04-15,BE,devops_cloud_platform,3,0,3
2026-04-15,BE,security,1,0,1
2026-04-15,BE,software_engineering,3,0,3
2026-04-15,BE,ux_ui_design,1,0,1
2026-04-15,BS,devops_cloud_platform,2,0,2
2026-04-15,BS,software_engineering,1,0,1
2026-04-15,BS,support_operations,2,0,2
2026-04-15,FR,support_operations,3,0,3
2026-04-15,GE,data_ai,1,0,1
2026-04-15,GE,security,1,0,1
2026-04-15,LU,devops_cloud_platform,1,0,1
2026-04-15,LU,software_engineering,2,0,2
2026-04-15,NE,data_ai,1,0,1
2026-04-15,SG,data_ai,1,0,1
2026-04-15,TG,support_operations,1,0,1
2026-04-15,VD,data_ai,1,0,1
2026-04-15,VD,product_project_analysis,4,0,4
2026-04-15,VD,qa_testing,1,0,1
2026-04-15,VS,software_engineering,1,0,1
2026-04-15,ZG,security,1,0,1
2026-04-15,ZH,data_ai,4,0,4
2026-04-15,ZH,devops_cloud_platform,9,0,9
2026-04-15,ZH,erp_business_systems,3,0,3
2026-04-15,ZH,product_project_analysis,6,0,6
2026-04-15,ZH,qa_testing,3,0,3
2026-04-15,ZH,security,5,0,5
2026-04-15,ZH,software_engineering,12,0,12
2026-04-15,ZH,support_operations,6,0,6
2026-04-15,ZH,ux_ui_design,3,0,3
2026-04-16,AG,devops_cloud_platform,1,0,1
2026-04-16,AG,product_project_analysis,1,0,1
2026-04-16,AG,security,3,0,3
2026-04-16,AG,software_engineering,3,0,3
2026-04-16,BE,data_ai,3,0,3
2026-04-16,BE,devops_cloud_platform,19,0,19
2026-04-16,BE,erp_business_systems,1,0,1
2026-04-16,BE,product_project_analysis,7,0,7
2026-04-16,BE,qa_testing,2,0,2
2026-04-16,BE,security,3,0,3
2026-04-16,BE,software_engineering,12,0,12
2026-04-16,BE,support_operations,2,0,2
2026-04-16,BL,product_project_analysis,1,0,1
2026-04-16,BS,data_ai,1,0,1
2026-04-16,BS,devops_cloud_platform,3,0,3
2026-04-16,BS,erp_business_systems,1,0,1
2026-04-16,BS,product_project_analysis,3,0,3
2026-04-16,BS,qa_testing,1,0,1
2026-04-16,BS,security,1,0,1
2026-04-16,BS,software_engineering,3,0,3
2026-04-16,FR,software_engineering,2,0,2
2026-04-16,GE,data_ai,6,0,6
2026-04-16,GE,devops_cloud_platform,4,0,4
2026-04-16,GE,erp_business_systems,1,0,1
2026-04-16,GE,product_project_analysis,10,0,10
2026-04-16,GE,security,4,0,4
2026-04-16,GE,software_engineering,12,0,12
2026-04-16,GL,software_engineering,1,0,1
2026-04-16,LU,devops_cloud_platform,3,0,3
2026-04-16,LU,product_project_analysis,1,0,1
2026-04-16,LU,qa_testing,1,0,1
2026-04-16,LU,software_engineering,1,0,1
2026-04-16,NE,data_ai,2,0,2
2026-04-16,NE,devops_cloud_platform,1,0,1
2026-04-16,NE,software_engineering,3,0,3
2026-04-16,NW,devops_cloud_platform,1,0,1
2026-04-16,OW,data_ai,1,0,1
2026-04-16,OW,software_engineering,1,0,1
2026-04-16,SG,devops_cloud_platform,1,0,1
2026-04-16,SG,software_engineering,2,0,2
2026-04-16,SH,product_project_analysis,1,0,1
2026-04-16,SH,software_engineering,2,0,2
2026-04-16,SO,data_ai,1,0,1
2026-04-16,SO,devops_cloud_platform,2,0,2
2026-04-16,SO,security,1,0,1
2026-04-16,SO,software_engineering,2,0,2
2026-04-16,SZ,devops_cloud_platform,2,0,2
2026-04-16,SZ,security,1,0,1
2026-04-16,SZ,software_engineering,1,0,1
2026-04-16,TG,devops_cloud_platform,1,0,1
2026-04-16,TG,product_project_analysis,1,0,1
2026-04-16,TG,software_engineering,3,0,3
2026-04-16,TI,data_ai,2,0,2
2026-04-16,TI,devops_cloud_platform,1,0,1
2026-04-16,TI,product_project_analysis,1,0,1
2026-04-16,TI,software_engineering,1,0,1
2026-04-16,UR,support_operations,1,0,1
2026-04-16,Unknown,data_ai,5,0,5
2026-04-16,Unknown,devops_cloud_platform,2,0,2
2026-04-16,Unknown,erp_business_systems,1,0,1
2026-04-16,Unknown,product_project_analysis,2,0,2
2026-04-16,Unknown,qa_testing,3,0,3
2026-04-16,Unknown,software_engineering,19,0,19
2026-04-16,VD,data_ai,14,0,14
2026-04-16,VD,devops_cloud_platform,4,0,4
2026-04-16,VD,product_project_analysis,17,0,17
2026-04-16,VD,qa_testing,2,0,2
2026-04-16,VD,security,4,0,4
2026-04-16,VD,software_engineering,13,0,13
2026-04-16,VD,support_operations,2,0,2
2026-04-16,VD,ux_ui_design,1,0,1
2026-04-16,VS,software_engineering,1,0,1
2026-04-16,ZG,data_ai,1,0,1
2026-04-16,ZG,devops_cloud_platform,1,0,1
2026-04-16,ZG,qa_testing,1,0,1
2026-04-16,ZG,security,1,0,1
2026-04-16,ZG,software_engineering,2,0,2
2026-04-16,ZH,data_ai,46,0,46
2026-04-16,ZH,devops_cloud_platform,55,0,55
2026-04-16,ZH,erp_business_systems,8,0,8
2026-04-16,ZH,product_project_analysis,33,0,33
2026-04-16,ZH,qa_testing,12,0,12
2026-04-16,ZH,security,22,0,22
2026-04-16,ZH,software_engineering,128,0,128
2026-04-16,ZH,support_operations,13,0,13
2026-04-16,ZH,ux_ui_design,2,0,2
2026-04-17,AG,product_project_analysis,1,1,0
2026-04-17,AG,qa_testing,1,0,1
2026-04-17,AG,software_engineering,0,5,-5
2026-04-17,AR,devops_cloud_platform,0,1,-1
2026-04-17,AR,software_engineering,0,3,-3
2026-04-17,BE,data_ai,1,0,1
2026-04-17,BE,devops_cloud_platform,7,5,2
2026-04-17,BE,erp_business_systems,2,0,2
2026-04-17,BE,product_project_analysis,8,1,7
2026-04-17,BE,qa_testing,2,0,2
2026-04-17,BE,security,1,2,-1
2026-04-17,BE,software_engineering,8,4,4
2026-04-17,BE,support_operations,2,4,-2
2026-04-17,BL,product_project_analysis,0,1,-1
2026-04-17,BL,software_engineering,0,4,-4
2026-04-17,BS,devops_cloud_platform,1,0,1
2026-04-17,BS,product_project_analysis,2,2,0
2026-04-17,BS,qa_testing,0,1,-1
2026-04-17,BS,security,0,1,-1
2026-04-17,BS,software_engineering,2,1,1
2026-04-17,GE,data_ai,0,3,-3
2026-04-17,GE,devops_cloud_platform,1,1,0
2026-04-17,GE,erp_business_systems,1,0,1
2026-04-17,GE,product_project_analysis,2,2,0
2026-04-17,GE,qa_testing,1,0,1
2026-04-17,GE,security,0,2,-2
2026-04-17,GE,software_engineering,2,4,-2
2026-04-17,GE,support_operations,1,2,-1
2026-04-17,GR,devops_cloud_platform,0,1,-1
2026-04-17,GR,software_engineering,0,4,-4
2026-04-17,GR,support_operations,0,1,-1
2026-04-17,LU,devops_cloud_platform,1,2,-1
2026-04-17,LU,security,1,3,-2
2026-04-17,LU,software_engineering,1,2,-1
2026-04-17,LU,support_operations,0,1,-1
2026-04-17,LU,ux_ui_design,0,1,-1
2026-04-17,NE,data_ai,0,1,-1
2026-04-17,NE,devops_cloud_platform,0,2,-2
2026-04-17,NE,security,0,1,-1
2026-04-17,NE,software_engineering,1,2,-1
2026-04-17,SG,data_ai,1,0,1
2026-04-17,SG,devops_cloud_platform,2,2,0
2026-04-17,SG,qa_testing,1,0,1
2026-04-17,SG,security,0,1,-1
2026-04-17,SG,software_engineering,2,4,-2
2026-04-17,SO,devops_cloud_platform,1,0,1
2026-04-17,SO,product_project_analysis,0,2,-2
2026-04-17,SO,software_engineering,0,1,-1
2026-04-17,SZ,software_engineering,2,3,-1
2026-04-17,SZ,support_operations,0,1,-1
2026-04-17,TG,software_engineering,0,1,-1
2026-04-17,TG,support_operations,0,1,-1
2026-04-17,TI,data_ai,0,1,-1
2026-04-17,TI,qa_testing,2,0,2
2026-04-17,TI,software_engineering,0,2,-2
2026-04-17,Unknown,data_ai,2,2,0
2026-04-17,Unknown,devops_cloud_platform,2,3,-1
2026-04-17,Unknown,product_project_analysis,1,0,1
2026-04-17,Unknown,qa_testing,0,1,-1
2026-04-17,Unknown,software_engineering,3,3,0
2026-04-17,VD,data_ai,0,4,-4
2026-04-17,VD,devops_cloud_platform,3,0,3
2026-04-17,VD,erp_business_systems,1,0,1
2026-04-17,VD,product_project_analysis,1,2,-1
2026-04-17,VD,qa_testing,0,3,-3
2026-04-17,VD,security,2,3,-1
2026-04-17,VD,software_engineering,5,2,3
2026-04-17,VD,support_operations,2,1,1
2026-04-17,VS,devops_cloud_platform,0,1,-1
2026-04-17,VS,product_project_analysis,1,0,1
2026-04-17,ZG,product_project_analysis,0,1,-1
2026-04-17,ZG,security,1,0,1
2026-04-17,ZG,software_engineering,1,0,1
2026-04-17,ZH,data_ai,7,11,-4
2026-04-17,ZH,devops_cloud_platform,22,10,12
2026-04-17,ZH,erp_business_systems,4,0,4
2026-04-17,ZH,product_project_analysis,16,12,4
2026-04-17,ZH,qa_testing,5,6,-1
2026-04-17,ZH,security,9,14,-5
2026-04-17,ZH,software_engineering,51,38,13
2026-04-17,ZH,support_operations,4,11,-7
2026-04-17,ZH,ux_ui_design,2,0,2
2026-04-18,AG,devops_cloud_platform,1,0,1
2026-04-18,AG,product_project_analysis,1,0,1
2026-04-18,AG,software_engineering,1,0,1
2026-04-18,AR,devops_cloud_platform,1,0,1
2026-04-18,AR,software_engineering,3,0,3
2026-04-18,BE,devops_cloud_platform,4,0,4
2026-04-18,BE,product_project_analysis,2,0,2
2026-04-18,BE,security,1,0,1
2026-04-18,BE,software_engineering,3,0,3
2026-04-18,BS,devops_cloud_platform,1,0,1
2026-04-18,BS,security,1,0,1
2026-04-18,BS,software_engineering,1,0,1
2026-04-18,FR,erp_business_systems,1,0,1
2026-04-18,GE,data_ai,2,0,2
2026-04-18,GE,devops_cloud_platform,2,0,2
2026-04-18,GE,product_project_analysis,6,0,6
2026-04-18,GE,security,2,0,2
2026-04-18,GE,software_engineering,3,0,3
2026-04-18,GE,support_operations,2,0,2
2026-04-18,OW,software_engineering,1,0,1
2026-04-18,SG,security,1,0,1
2026-04-18,SH,security,1,0,1
2026-04-18,TG,devops_cloud_platform,2,0,2
2026-04-18,TI,security,1,0,1
2026-04-18,Unknown,data_ai,1,0,1
2026-04-18,Unknown,devops_cloud_platform,1,0,1
2026-04-18,Unknown,software_engineering,4,0,4
2026-04-18,VD,data_ai,1,0,1
2026-04-18,VD,devops_cloud_platform,1,0,1
2026-04-18,VD,erp_business_systems,2,0,2
2026-04-18,VD,product_project_analysis,3,0,3
2026-04-18,VD,security,1,0,1
2026-04-18,VD,software_engineering,4,0,4
2026-04-18,ZG,data_ai,1,0,1
2026-04-18,ZG,software_engineering,1,0,1
2026-04-18,ZH,data_ai,12,0,12
2026-04-18,ZH,devops_cloud_platform,9,0,9
2026-04-18,ZH,product_project_analysis,10,0,10
2026-04-18,ZH,qa_testing,5,0,5
2026-04-18,ZH,security,4,0,4
2026-04-18,ZH,software_engineering,40,0,40
2026-04-18,ZH,support_operations,2,0,2
2026-04-19,BE,software_engineering,2,0,2
2026-04-19,GE,data_ai,1,0,1
2026-04-19,GE,product_project_analysis,1,0,1
2026-04-19,GE,security,1,0,1
2026-04-19,SO,devops_cloud_platform,1,0,1
2026-04-19,TG,security,1,0,1
2026-04-19,TI,software_engineering,1,0,1
2026-04-19,UR,devops_cloud_platform,1,0,1
2026-04-19,Unknown,security,1,0,1
2026-04-19,VD,data_ai,1,0,1
2026-04-19,VD,product_project_analysis,1,0,1
2026-04-19,VD,software_engineering,1,0,1
2026-04-19,ZH,data_ai,1,0,1
2026-04-19,ZH,devops_cloud_platform,4,0,4
2026-04-19,ZH,erp_business_systems,1,0,1
2026-04-19,ZH,product_project_analysis,3,0,3
2026-04-19,ZH,qa_testing,1,0,1
2026-04-19,ZH,security,3,0,3
2026-04-19,ZH,software_engineering,12,0,12
2026-04-19,ZH,support_operations,2,0,2
2026-04-19,ZH,ux_ui_design,1,0,1
2026-04-20,AG,devops_cloud_platform,1,0,1
2026-04-20,AG,product_project_analysis,1,0,1
2026-04-20,AG,software_engineering,1,0,1
2026-04-20,AG,support_operations,1,0,1
2026-04-20,BE,data_ai,2,0,2
2026-04-20,BE,devops_cloud_platform,1,0,1
2026-04-20,BE,product_project_analysis,2,0,2
2026-04-20,BE,qa_testing,2,0,2
2026-04-20,BE,software_engineering,4,0,4
2026-04-20,BE,support_operations,1,0,1
2026-04-20,BL,product_project_analysis,2,0,2
2026-04-20,BS,devops_cloud_platform,2,0,2
2026-04-20,FR,qa_testing,1,0,1
2026-04-20,GE,data_ai,1,0,1
2026-04-20,GE,devops_cloud_platform,2,0,2
2026-04-20,GE,product_project_analysis,3,0,3
2026-04-20,GE,software_engineering,1,0,1
2026-04-20,GE,support_operations,1,0,1
2026-04-20,GR,product_project_analysis,1,0,1
2026-04-20,LU,software_engineering,1,0,1
2026-04-20,LU,support_operations,1,0,1
2026-04-20,SH,support_operations,1,0,1
2026-04-20,TG,software_engineering,1,0,1
2026-04-20,TI,devops_cloud_platform,3,0,3
2026-04-20,Unknown,devops_cloud_platform,1,0,1
2026-04-20,Unknown,software_engineering,1,0,1
2026-04-20,Unknown,support_operations,2,0,2
2026-04-20,VD,data_ai,1,0,1
2026-04-20,VD,devops_cloud_platform,3,0,3
2026-04-20,VD,software_engineering,2,0,2
2026-04-20,VD,support_operations,1,0,1
2026-04-20,ZG,security,1,0,1
2026-04-20,ZG,software_engineering,1,0,1
2026-04-20,ZG,support_operations,1,0,1
2026-04-20,ZH,data_ai,5,0,5
2026-04-20,ZH,devops_cloud_platform,9,0,9
2026-04-20,ZH,erp_business_systems,2,0,2
2026-04-20,ZH,product_project_analysis,8,0,8
2026-04-20,ZH,qa_testing,4,0,4
2026-04-20,ZH,security,7,0,7
2026-04-20,ZH,software_engineering,29,0,29
2026-04-20,ZH,support_operations,9,0,9
2026-04-21,AG,data_ai,0,2,-2
2026-04-21,AG,devops_cloud_platform,0,3,-3
2026-04-21,AG,erp_business_systems,0,1,-1
2026-04-21,AG,product_project_analysis,0,1,-1
2026-04-21,AG,security,0,4,-4
2026-04-21,AG,software_engineering,1,3,-2
2026-04-21,BE,data_ai,0,2,-2
2026-04-21,BE,devops_cloud_platform,3,15,-12
2026-04-21,BE,erp_business_systems,0,2,-2
2026-04-21,BE,product_project_analysis,4,5,-1
2026-04-21,BE,qa_testing,3,2,1
2026-04-21,BE,security,1,4,-3
2026-04-21,BE,software_engineering,5,14,-9
2026-04-21,BE,support_operations,1,4,-3
2026-04-21,BL,devops_cloud_platform,1,2,-1
2026-04-21,BL,qa_testing,0,1,-1
2026-04-21,BL,security,1,0,1
2026-04-21,BL,software_engineering,0,1,-1
2026-04-21,BL,support_operations,1,1,0
2026-04-21,BS,data_ai,1,1,0
2026-04-21,BS,devops_cloud_platform,1,3,-2
2026-04-21,BS,product_project_analysis,0,1,-1
2026-04-21,BS,qa_testing,0,1,-1
2026-04-21,BS,software_engineering,1,3,-2
2026-04-21,BS,support_operations,1,0,1
2026-04-21,FR,support_operations,0,2,-2
2026-04-21,GE,data_ai,4,1,3
2026-04-21,GE,devops_cloud_platform,1,5,-4
2026-04-21,GE,erp_business_systems,0,1,-1
2026-04-21,GE,product_project_analysis,4,1,3
2026-04-21,GE,qa_testing,5,0,5
2026-04-21,GE,security,1,0,1
2026-04-21,GE,software_engineering,8,2,6
2026-04-21,GE,support_operations,1,1,0
2026-04-21,GR,product_project_analysis,2,0,2
2026-04-21,GR,software_engineering,1,0,1
2026-04-21,LU,devops_cloud_platform,1,3,-2
2026-04-21,LU,product_project_analysis,2,0,2
2026-04-21,LU,software_engineering,1,3,-2
2026-04-21,NE,software_engineering,1,2,-1
2026-04-21,SG,data_ai,0,1,-1
2026-04-21,SG,devops_cloud_platform,3,4,-1
2026-04-21,SG,product_project_analysis,1,1,0
2026-04-21,SG,security,0,1,-1
2026-04-21,SG,software_engineering,2,1,1
2026-04-21,SG,support_operations,1,0,1
2026-04-21,SH,software_engineering,1,0,1
2026-04-21,SO,devops_cloud_platform,0,2,-2
2026-04-21,SO,product_project_analysis,1,0,1
2026-04-21,SO,software_engineering,0,3,-3
2026-04-21,SO,support_operations,0,2,-2
2026-04-21,SZ,product_project_analysis,1,0,1
2026-04-21,SZ,software_engineering,0,1,-1
2026-04-21,TG,erp_business_systems,1,0,1
2026-04-21,TG,product_project_analysis,0,1,-1
2026-04-21,TG,security,0,1,-1
2026-04-21,TG,support_operations,1,0,1
2026-04-21,TI,data_ai,1,0,1
2026-04-21,TI,devops_cloud_platform,0,3,-3
2026-04-21,TI,product_project_analysis,1,0,1
2026-04-21,TI,software_engineering,1,1,0
2026-04-21,UR,support_operations,0,1,-1
2026-04-21,Unknown,devops_cloud_platform,1,3,-2
2026-04-21,Unknown,product_project_analysis,2,0,2
2026-04-21,Unknown,qa_testing,9,0,9
2026-04-21,Unknown,software_engineering,5,4,1
2026-04-21,Unknown,support_operations,0,2,-2
2026-04-21,VD,data_ai,3,1,2
2026-04-21,VD,devops_cloud_platform,4,3,1
2026-04-21,VD,erp_business_systems,1,1,0
2026-04-21,VD,product_project_analysis,6,2,4
2026-04-21,VD,qa_testing,3,2,1
2026-04-21,VD,security,0,1,-1
2026-04-21,VD,software_engineering,7,11,-4
2026-04-21,VD,support_operations,1,2,-1
2026-04-21,VS,devops_cloud_platform,1,0,1
2026-04-21,VS,product_project_analysis,1,0,1
2026-04-21,VS,support_operations,1,0,1
2026-04-21,ZG,devops_cloud_platform,1,1,0
2026-04-21,ZG,qa_testing,1,0,1
2026-04-21,ZG,security,1,0,1
2026-04-21,ZG,software_engineering,2,1,1
2026-04-21,ZH,data_ai,11,15,-4
2026-04-21,ZH,devops_cloud_platform,19,40,-21
2026-04-21,ZH,erp_business_systems,2,13,-11
2026-04-21,ZH,product_project_analysis,7,29,-22
2026-04-21,ZH,qa_testing,12,6,6
2026-04-21,ZH,security,8,15,-7
2026-04-21,ZH,software_engineering,36,47,-11
2026-04-21,ZH,support_operations,5,22,-17
2026-04-21,ZH,ux_ui_design,0,1,-1
2026-04-22,AG,devops_cloud_platform,2,0,2
2026-04-22,AG,product_project_analysis,3,0,3
2026-04-22,AG,software_engineering,3,0,3
2026-04-22,BE,data_ai,1,0,1
2026-04-22,BE,devops_cloud_platform,11,0,11
2026-04-22,BE,product_project_analysis,7,0,7
2026-04-22,BE,qa_testing,1,0,1
2026-04-22,BE,security,1,0,1
2026-04-22,BE,software_engineering,9,0,9
2026-04-22,BE,support_operations,1,0,1
2026-04-22,BL,data_ai,1,0,1
2026-04-22,BL,product_project_analysis,1,0,1
2026-04-22,BS,data_ai,1,0,1
2026-04-22,BS,devops_cloud_platform,1,0,1
2026-04-22,BS,product_project_analysis,1,0,1
2026-04-22,BS,security,1,0,1
2026-04-22,BS,software_engineering,2,0,2
2026-04-22,FR,data_ai,2,0,2
2026-04-22,FR,product_project_analysis,1,0,1
2026-04-22,GE,data_ai,2,0,2
2026-04-22,GE,devops_cloud_platform,5,0,5
2026-04-22,GE,erp_business_systems,2,0,2
2026-04-22,GE,product_project_analysis,2,0,2
2026-04-22,GE,security,2,0,2
2026-04-22,GE,software_engineering,6,0,6
2026-04-22,LU,devops_cloud_platform,2,0,2
2026-04-22,LU,software_engineering,2,0,2
2026-04-22,NE,product_project_analysis,1,0,1
2026-04-22,NE,qa_testing,1,0,1
2026-04-22,NE,software_engineering,2,0,2
2026-04-22,NE,support_operations,1,0,1
2026-04-22,NW,software_engineering,2,0,2
2026-04-22,SG,devops_cloud_platform,2,0,2
2026-04-22,SG,erp_business_systems,1,0,1
2026-04-22,SO,devops_cloud_platform,1,0,1
2026-04-22,SZ,product_project_analysis,1,0,1
2026-04-22,TG,software_engineering,1,0,1
2026-04-22,TI,data_ai,2,0,2
2026-04-22,TI,qa_testing,1,0,1
2026-04-22,TI,security,2,0,2
2026-04-22,TI,software_engineering,1,0,1
2026-04-22,TI,support_operations,1,0,1
2026-04-22,UR,software_engineering,1,0,1
2026-04-22,Unknown,data_ai,3,0,3
2026-04-22,Unknown,product_project_analysis,1,0,1
2026-04-22,Unknown,qa_testing,1,0,1
2026-04-22,Unknown,software_engineering,10,0,10
2026-04-22,Unknown,ux_ui_design,1,0,1
2026-04-22,VD,data_ai,1,0,1
2026-04-22,VD,devops_cloud_platform,7,0,7
2026-04-22,VD,product_project_analysis,2,0,2
2026-04-22,VD,security,1,0,1
2026-04-22,VD,software_engineering,9,0,9
2026-04-22,VD,ux_ui_design,1,0,1
2026-04-22,VS,software_engineering,1,0,1
2026-04-22,ZG,devops_cloud_platform,1,0,1
2026-04-22,ZG,qa_testing,1,0,1
2026-04-22,ZG,software_engineering,1,0,1
2026-04-22,ZH,data_ai,24,0,24
2026-04-22,ZH,devops_cloud_platform,19,0,19
2026-04-22,ZH,erp_business_systems,2,0,2
2026-04-22,ZH,product_project_analysis,21,0,21
2026-04-22,ZH,qa_testing,1,0,1
2026-04-22,ZH,security,13,0,13
2026-04-22,ZH,software_engineering,74,0,74
2026-04-22,ZH,support_operations,6,0,6
2026-04-22,ZH,ux_ui_design,1,0,1
2026-04-23,BE,devops_cloud_platform,3,0,3
2026-04-23,BE,product_project_analysis,1,0,1
2026-04-23,BE,security,2,0,2
2026-04-23,BE,software_engineering,4,0,4
2026-04-23,FR,support_operations,1,0,1
2026-04-23,GE,data_ai,1,0,1
2026-04-23,GE,devops_cloud_platform,2,0,2
2026-04-23,GE,product_project_analysis,2,0,2
2026-04-23,GE,qa_testing,1,0,1
2026-04-23,GR,erp_business_systems,1,0,1
2026-04-23,GR,product_project_analysis,1,0,1
2026-04-23,GR,support_operations,1,0,1
2026-04-23,LU,security,1,0,1
2026-04-23,SZ,support_operations,2,0,2
2026-04-23,TG,devops_cloud_platform,1,0,1
2026-04-23,TI,erp_business_systems,1,0,1
2026-04-23,Unknown,software_engineering,3,0,3
2026-04-23,Unknown,support_operations,1,0,1
2026-04-23,VD,devops_cloud_platform,1,0,1
2026-04-23,VD,product_project_analysis,5,0,5
2026-04-23,VD,qa_testing,2,0,2
2026-04-23,VD,software_engineering,3,0,3
2026-04-23,ZH,data_ai,6,0,6
2026-04-23,ZH,devops_cloud_platform,9,0,9
2026-04-23,ZH,erp_business_systems,4,0,4
2026-04-23,ZH,product_project_analysis,2,0,2
2026-04-23,ZH,qa_testing,2,0,2
2026-04-23,ZH,security,6,0,6
2026-04-23,ZH,software_engineering,14,0,14
2026-04-23,ZH,support_operations,3,0,3
2026-04-24,AG,support_operations,1,0,1
2026-04-24,BE,data_ai,2,0,2
2026-04-24,BE,devops_cloud_platform,1,0,1
2026-04-24,BE,product_project_analysis,3,0,3
2026-04-24,BE,security,2,0,2
2026-04-24,BE,software_engineering,3,0,3
2026-04-24,BL,qa_testing,1,0,1
2026-04-24,BL,support_operations,1,0,1
2026-04-24,FR,data_ai,1,0,1
2026-04-24,FR,software_engineering,1,0,1
2026-04-24,GE,devops_cloud_platform,2,0,2
2026-04-24,GE,product_project_analysis,1,0,1
2026-04-24,LU,devops_cloud_platform,2,0,2
2026-04-24,LU,support_operations,1,0,1
2026-04-24,SG,security,1,0,1
2026-04-24,SG,software_engineering,3,0,3
2026-04-24,SO,data_ai,1,0,1
2026-04-24,TI,devops_cloud_platform,3,0,3
2026-04-24,Unknown,data_ai,1,0,1
2026-04-24,Unknown,qa_testing,1,0,1
2026-04-24,VD,security,1,0,1
2026-04-24,VD,support_operations,1,0,1
2026-04-24,VD,ux_ui_design,1,0,1
2026-04-24,ZG,devops_cloud_platform,1,0,1
2026-04-24,ZH,data_ai,3,0,3
2026-04-24,ZH,devops_cloud_platform,6,0,6
2026-04-24,ZH,erp_business_systems,1,0,1
2026-04-24,ZH,product_project_analysis,5,0,5
2026-04-24,ZH,qa_testing,1,0,1
2026-04-24,ZH,security,3,0,3
2026-04-24,ZH,software_engineering,15,0,15
2026-04-24,ZH,support_operations,7,0,7
2026-04-25,AG,product_project_analysis,2,0,2
2026-04-25,AG,software_engineering,1,0,1
2026-04-25,BE,devops_cloud_platform,4,0,4
2026-04-25,BE,product_project_analysis,2,0,2
2026-04-25,BE,security,4,0,4
2026-04-25,BE,software_engineering,2,0,2
2026-04-25,BS,security,1,0,1
2026-04-25,FR,software_engineering,1,0,1
2026-04-25,GE,data_ai,1,0,1
2026-04-25,GE,qa_testing,1,0,1
2026-04-25,GE,security,1,0,1
2026-04-25,GE,software_engineering,4,0,4
2026-04-25,LU,devops_cloud_platform,2,0,2
2026-04-25,OW,software_engineering,1,0,1
2026-04-25,SG,devops_cloud_platform,1,0,1
2026-04-25,SG,erp_business_systems,1,0,1
2026-04-25,SG,software_engineering,2,0,2
2026-04-25,SO,devops_cloud_platform,1,0,1
2026-04-25,TI,software_engineering,1,0,1
2026-04-25,Unknown,devops_cloud_platform,1,0,1
2026-04-25,Unknown,software_engineering,4,0,4
2026-04-25,Unknown,ux_ui_design,2,0,2
2026-04-25,VD,data_ai,2,0,2
2026-04-25,VD,devops_cloud_platform,2,0,2
2026-04-25,VD,product_project_analysis,2,0,2
2026-04-25,VS,qa_testing,1,0,1
2026-04-25,ZH,data_ai,10,0,10
2026-04-25,ZH,devops_cloud_platform,19,0,19
2026-04-25,ZH,product_project_analysis,7,0,7
2026-04-25,ZH,qa_testing,4,0,4
2026-04-25,ZH,security,3,0,3
2026-04-25,ZH,software_engineering,30,0,30
2026-04-25,ZH,support_operations,2,0,2
2026-04-26,BE,software_engineering,1,0,1
2026-04-26,BE,support_operations,1,0,1
2026-04-26,BS,devops_cloud_platform,1,0,1
2026-04-26,BS,security,1,0,1
2026-04-26,FR,product_project_analysis,1,0,1
2026-04-26,GE,product_project_analysis,1,0,1
2026-04-26,LU,data_ai,1,0,1
2026-04-26,NE,data_ai,1,0,1
2026-04-26,SG,software_engineering,1,0,1
2026-04-26,TI,data_ai,2,0,2
2026-04-26,Unknown,qa_testing,2,0,2
2026-04-26,Unknown,software_engineering,1,0,1
2026-04-26,VD,data_ai,1,0,1
2026-04-26,VD,devops_cloud_platform,1,0,1
2026-04-26,VD,security,1,0,1
2026-04-26,VD,software_engineering,1,0,1
2026-04-26,ZG,software_engineering,1,0,1
2026-04-26,ZH,data_ai,2,0,2
2026-04-26,ZH,devops_cloud_platform,3,0,3
2026-04-26,ZH,erp_business_systems,4,0,4
2026-04-26,ZH,product_project_analysis,3,0,3
2026-04-26,ZH,qa_testing,2,0,2
2026-04-26,ZH,security,6,0,6
2026-04-26,ZH,software_engineering,7,0,7
2026-04-26,ZH,support_operations,3,0,3
2026-04-27,AG,devops_cloud_platform,1,0,1
2026-04-27,AG,software_engineering,2,4,-2
2026-04-27,AG,support_operations,0,2,-2
2026-04-27,BE,data_ai,0,4,-4
2026-04-27,BE,devops_cloud_platform,2,8,-6
2026-04-27,BE,erp_business_systems,0,1,-1
2026-04-27,BE,product_project_analysis,1,5,-4
2026-04-27,BE,qa_testing,0,3,-3
2026-04-27,BE,software_engineering,0,5,-5
2026-04-27,BE,support_operations,0,4,-4
2026-04-27,BL,product_project_analysis,1,0,1
2026-04-27,BL,security,1,2,-1
2026-04-27,BS,data_ai,0,1,-1
2026-04-27,BS,devops_cloud_platform,1,0,1
2026-04-27,BS,security,0,1,-1
2026-04-27,BS,software_engineering,0,1,-1
2026-04-27,FR,support_operations,0,1,-1
2026-04-27,GE,data_ai,0,1,-1
2026-04-27,GE,product_project_analysis,4,0,4
2026-04-27,GE,security,2,2,0
2026-04-27,GE,software_engineering,0,3,-3
2026-04-27,GE,support_operations,0,1,-1
2026-04-27,LU,data_ai,0,1,-1
2026-04-27,LU,devops_cloud_platform,1,0,1
2026-04-27,LU,product_project_analysis,0,1,-1
2026-04-27,LU,qa_testing,0,1,-1
2026-04-27,LU,security,0,1,-1
2026-04-27,LU,software_engineering,0,3,-3
2026-04-27,NE,data_ai,1,1,0
2026-04-27,OW,software_engineering,1,0,1
2026-04-27,SG,devops_cloud_platform,0,1,-1
2026-04-27,SG,software_engineering,0,3,-3
2026-04-27,SO,qa_testing,0,1,-1
2026-04-27,SO,security,0,1,-1
2026-04-27,SZ,data_ai,1,0,1
2026-04-27,SZ,devops_cloud_platform,0,1,-1
2026-04-27,TG,devops_cloud_platform,0,2,-2
2026-04-27,TG,security,0,2,-2
2026-04-27,TI,devops_cloud_platform,0,3,-3
2026-04-27,TI,product_project_analysis,1,0,1
2026-04-27,TI,software_engineering,1,0,1
2026-04-27,TI,support_operations,0,1,-1
2026-04-27,Unknown,data_ai,1,0,1
2026-04-27,Unknown,devops_cloud_platform,0,1,-1
2026-04-27,Unknown,qa_testing,2,1,1
2026-04-27,Unknown,software_engineering,4,2,2
2026-04-27,VD,data_ai,0,1,-1
2026-04-27,VD,devops_cloud_platform,1,2,-1
2026-04-27,VD,product_project_analysis,4,9,-5
2026-04-27,VD,qa_testing,1,1,0
2026-04-27,VD,security,1,1,0
2026-04-27,VD,software_engineering,4,3,1
2026-04-27,VD,support_operations,2,2,0
2026-04-27,VD,ux_ui_design,1,1,0
2026-04-27,VS,software_engineering,0,1,-1
2026-04-27,ZH,data_ai,8,4,4
2026-04-27,ZH,devops_cloud_platform,9,27,-18
2026-04-27,ZH,erp_business_systems,4,2,2
2026-04-27,ZH,product_project_analysis,4,18,-14
2026-04-27,ZH,qa_testing,4,2,2
2026-04-27,ZH,security,4,4,0
2026-04-27,ZH,software_engineering,16,39,-23
2026-04-27,ZH,support_operations,6,14,-8
2026-04-27,ZH,ux_ui_design,1,2,-1
2026-04-28,AG,product_project_analysis,1,0,1
2026-04-28,AR,software_engineering,1,0,1
2026-04-28,BE,devops_cloud_platform,3,0,3
2026-04-28,BE,erp_business_systems,2,0,2
2026-04-28,BE,product_project_analysis,3,0,3
2026-04-28,BE,qa_testing,1,0,1
2026-04-28,BE,software_engineering,1,0,1
2026-04-28,BE,support_operations,2,0,2
2026-04-28,BL,product_project_analysis,2,0,2
2026-04-28,BL,support_operations,1,0,1
2026-04-28,BS,data_ai,1,0,1
2026-04-28,BS,devops_cloud_platform,2,0,2
2026-04-28,FR,software_engineering,1,0,1
2026-04-28,GE,devops_cloud_platform,1,0,1
2026-04-28,GE,erp_business_systems,2,0,2
2026-04-28,GE,product_project_analysis,3,0,3
2026-04-28,GE,security,1,0,1
2026-04-28,GE,software_engineering,2,0,2
2026-04-28,GE,support_operations,1,0,1
2026-04-28,LU,product_project_analysis,1,0,1
2026-04-28,NE,product_project_analysis,3,0,3
2026-04-28,NW,devops_cloud_platform,1,0,1
2026-04-28,SG,software_engineering,1,0,1
2026-04-28,SO,devops_cloud_platform,1,0,1
2026-04-28,SO,security,1,0,1
2026-04-28,TG,devops_cloud_platform,1,0,1
2026-04-28,TI,devops_cloud_platform,4,0,4
2026-04-28,TI,security,1,0,1
2026-04-28,Unknown,product_project_analysis,1,0,1
2026-04-28,Unknown,security,1,0,1
2026-04-28,Unknown,software_engineering,3,0,3
2026-04-28,VD,data_ai,2,0,2
2026-04-28,VD,devops_cloud_platform,2,0,2
2026-04-28,VD,product_project_analysis,5,0,5
2026-04-28,VD,qa_testing,1,0,1
2026-04-28,VD,software_engineering,2,0,2
2026-04-28,VD,support_operations,1,0,1
2026-04-28,ZG,product_project_analysis,1,0,1
2026-04-28,ZG,security,1,0,1
2026-04-28,ZH,data_ai,9,0,9
2026-04-28,ZH,devops_cloud_platform,24,0,24
2026-04-28,ZH,erp_business_systems,2,0,2
2026-04-28,ZH,product_project_analysis,9,0,9
2026-04-28,ZH,security,13,0,13
2026-04-28,ZH,software_engineering,22,0,22
2026-04-28,ZH,support_operations,12,0,12
2026-04-28,ZH,ux_ui_design,1,0,1
2026-04-29,AG,devops_cloud_platform,2,0,2
2026-04-29,AG,software_engineering,1,0,1
2026-04-29,AG,support_operations,1,0,1
2026-04-29,BE,data_ai,1,0,1
2026-04-29,BE,devops_cloud_platform,4,0,4
2026-04-29,BE,erp_business_systems,2,0,2
2026-04-29,BE,product_project_analysis,1,0,1
2026-04-29,BE,security,1,0,1
2026-04-29,BE,software_engineering,5,0,5
2026-04-29,BE,support_operations,2,0,2
2026-04-29,BS,data_ai,2,0,2
2026-04-29,BS,devops_cloud_platform,2,0,2
2026-04-29,FR,data_ai,1,0,1
2026-04-29,GE,data_ai,2,0,2
2026-04-29,GE,devops_cloud_platform,1,0,1
2026-04-29,GE,product_project_analysis,2,0,2
2026-04-29,GE,software_engineering,4,0,4
2026-04-29,LU,product_project_analysis,1,0,1
2026-04-29,LU,software_engineering,2,0,2
2026-04-29,LU,support_operations,1,0,1
2026-04-29,NE,data_ai,1,0,1
2026-04-29,NE,product_project_analysis,3,0,3
2026-04-29,NE,software_engineering,1,0,1
2026-04-29,SG,devops_cloud_platform,1,0,1
2026-04-29,SG,security,1,0,1
2026-04-29,SO,product_project_analysis,1,0,1
2026-04-29,SZ,security,1,0,1
2026-04-29,TG,security,1,0,1
2026-04-29,TI,data_ai,1,0,1
2026-04-29,TI,qa_testing,1,0,1
2026-04-29,TI,software_engineering,3,0,3
2026-04-29,Unknown,data_ai,1,0,1
2026-04-29,Unknown,product_project_analysis,4,0,4
2026-04-29,VD,data_ai,4,0,4
2026-04-29,VD,devops_cloud_platform,2,0,2
2026-04-29,VD,product_project_analysis,3,0,3
2026-04-29,VD,qa_testing,2,0,2
2026-04-29,VD,security,1,0,1
2026-04-29,VD,software_engineering,3,0,3
2026-04-29,VD,support_operations,2,0,2
2026-04-29,ZG,qa_testing,1,0,1
2026-04-29,ZG,security,1,0,1
2026-04-29,ZG,software_engineering,1,0,1
2026-04-29,ZH,data_ai,13,0,13
2026-04-29,ZH,devops_cloud_platform,18,0,18
2026-04-29,ZH,erp_business_systems,1,0,1
2026-04-29,ZH,product_project_analysis,9,0,9
2026-04-29,ZH,qa_testing,3,0,3
2026-04-29,ZH,security,9,0,9
2026-04-29,ZH,software_engineering,19,0,19
2026-04-29,ZH,support_operations,6,0,6
2026-04-30,AG,data_ai,0,1,-1
2026-04-30,AG,devops_cloud_platform,0,23,-23
2026-04-30,AG,product_project_analysis,0,11,-11
2026-04-30,AG,qa_testing,0,5,-5
2026-04-30,AG,security,0,11,-11
2026-04-30,AG,software_engineering,1,23,-22
2026-04-30,AG,support_operations,0,8,-8
2026-04-30,AI,product_project_analysis,0,1,-1
2026-04-30,AR,devops_cloud_platform,0,2,-2
2026-04-30,AR,product_project_analysis,0,1,-1
2026-04-30,AR,software_engineering,0,5,-5
2026-04-30,AR,support_operations,0,3,-3
2026-04-30,AR,ux_ui_design,0,1,-1
2026-04-30,BE,data_ai,0,21,-21
2026-04-30,BE,devops_cloud_platform,5,97,-92
2026-04-30,BE,erp_business_systems,0,7,-7
2026-04-30,BE,product_project_analysis,9,53,-44
2026-04-30,BE,qa_testing,0,21,-21
2026-04-30,BE,security,2,27,-25
2026-04-30,BE,software_engineering,7,116,-109
2026-04-30,BE,support_operations,2,26,-24
2026-04-30,BE,ux_ui_design,0,2,-2
2026-04-30,BL,data_ai,0,2,-2
2026-04-30,BL,devops_cloud_platform,0,13,-13
2026-04-30,BL,product_project_analysis,0,10,-10
2026-04-30,BL,qa_testing,0,1,-1
2026-04-30,BL,software_engineering,0,1,-1
2026-04-30,BL,support_operations,0,3,-3
2026-04-30,BS,data_ai,0,8,-8
2026-04-30,BS,devops_cloud_platform,0,35,-35
2026-04-30,BS,erp_business_systems,0,1,-1
2026-04-30,BS,product_project_analysis,2,10,-8
2026-04-30,BS,qa_testing,0,2,-2
2026-04-30,BS,security,1,7,-6
2026-04-30,BS,software_engineering,0,21,-21
2026-04-30,BS,support_operations,0,6,-6
2026-04-30,FR,data_ai,0,4,-4
2026-04-30,FR,devops_cloud_platform,0,2,-2
2026-04-30,FR,erp_business_systems,0,2,-2
2026-04-30,FR,product_project_analysis,0,2,-2
2026-04-30,FR,qa_testing,0,4,-4
2026-04-30,FR,software_engineering,1,5,-4
2026-04-30,FR,support_operations,0,2,-2
2026-04-30,GE,data_ai,5,35,-30
2026-04-30,GE,devops_cloud_platform,2,33,-31
2026-04-30,GE,erp_business_systems,0,5,-5
2026-04-30,GE,product_project_analysis,8,51,-43
2026-04-30,GE,qa_testing,2,7,-5
2026-04-30,GE,security,1,29,-28
2026-04-30,GE,software_engineering,5,64,-59
2026-04-30,GE,support_operations,0,9,-9
2026-04-30,GL,software_engineering,0,1,-1
2026-04-30,GR,devops_cloud_platform,2,2,0
2026-04-30,GR,erp_business_systems,0,1,-1
2026-04-30,GR,product_project_analysis,1,8,-7
2026-04-30,GR,security,0,5,-5
2026-04-30,GR,software_engineering,0,4,-4
2026-04-30,GR,support_operations,0,1,-1
2026-04-30,LU,data_ai,0,4,-4
2026-04-30,LU,devops_cloud_platform,1,23,-22
2026-04-30,LU,erp_business_systems,1,0,1
2026-04-30,LU,product_project_analysis,0,11,-11
2026-04-30,LU,qa_testing,1,0,1
2026-04-30,LU,security,0,6,-6
2026-04-30,LU,software_engineering,0,13,-13
2026-04-30,LU,support_operations,0,6,-6
2026-04-30,NE,data_ai,0,7,-7
2026-04-30,NE,devops_cloud_platform,0,3,-3
2026-04-30,NE,product_project_analysis,0,5,-5
2026-04-30,NE,qa_testing,0,1,-1
2026-04-30,NE,security,1,1,0
2026-04-30,NE,software_engineering,0,11,-11
2026-04-30,NE,support_operations,0,1,-1
2026-04-30,NW,data_ai,0,1,-1
2026-04-30,NW,devops_cloud_platform,0,2,-2
2026-04-30,NW,product_project_analysis,0,1,-1
2026-04-30,NW,software_engineering,0,2,-2
2026-04-30,OW,data_ai,0,1,-1
2026-04-30,OW,software_engineering,0,3,-3
2026-04-30,OW,support_operations,0,1,-1
2026-04-30,SG,data_ai,0,1,-1
2026-04-30,SG,devops_cloud_platform,1,16,-15
2026-04-30,SG,erp_business_systems,0,2,-2
2026-04-30,SG,product_project_analysis,2,4,-2
2026-04-30,SG,qa_testing,0,2,-2
2026-04-30,SG,security,0,5,-5
2026-04-30,SG,software_engineering,0,19,-19
2026-04-30,SG,support_operations,0,6,-6
2026-04-30,SH,devops_cloud_platform,0,2,-2
2026-04-30,SH,product_project_analysis,0,1,-1
2026-04-30,SH,qa_testing,0,1,-1
2026-04-30,SH,security,0,2,-2
2026-04-30,SH,software_engineering,0,3,-3
2026-04-30,SH,support_operations,0,2,-2
2026-04-30,SO,data_ai,1,1,0
2026-04-30,SO,devops_cloud_platform,0,11,-11
2026-04-30,SO,erp_business_systems,0,1,-1
2026-04-30,SO,product_project_analysis,1,3,-2
2026-04-30,SO,security,1,3,-2
2026-04-30,SO,software_engineering,0,9,-9
2026-04-30,SO,support_operations,0,1,-1
2026-04-30,SZ,data_ai,0,1,-1
2026-04-30,SZ,devops_cloud_platform,0,2,-2
2026-04-30,SZ,product_project_analysis,0,3,-3
2026-04-30,SZ,security,0,1,-1
2026-04-30,SZ,software_engineering,0,3,-3
2026-04-30,SZ,support_operations,0,4,-4
2026-04-30,TG,devops_cloud_platform,0,11,-11
2026-04-30,TG,erp_business_systems,0,1,-1
2026-04-30,TG,product_project_analysis,0,2,-2
2026-04-30,TG,qa_testing,0,1,-1
2026-04-30,TG,security,0,3,-3
2026-04-30,TG,software_engineering,0,13,-13
2026-04-30,TG,support_operations,0,3,-3
2026-04-30,TI,data_ai,1,5,-4
2026-04-30,TI,devops_cloud_platform,0,3,-3
2026-04-30,TI,erp_business_systems,0,1,-1
2026-04-30,TI,product_project_analysis,0,4,-4
2026-04-30,TI,qa_testing,0,3,-3
2026-04-30,TI,security,1,4,-3
2026-04-30,TI,software_engineering,0,10,-10
2026-04-30,TI,support_operations,0,1,-1
2026-04-30,UR,devops_cloud_platform,0,1,-1
2026-04-30,UR,software_engineering,0,1,-1
2026-04-30,UR,support_operations,0,1,-1
2026-04-30,Unknown,data_ai,0,21,-21
2026-04-30,Unknown,devops_cloud_platform,2,18,-16
2026-04-30,Unknown,erp_business_systems,0,2,-2
2026-04-30,Unknown,product_project_analysis,3,16,-13
2026-04-30,Unknown,qa_testing,4,22,-18
2026-04-30,Unknown,security,0,4,-4
2026-04-30,Unknown,software_engineering,3,69,-66
2026-04-30,Unknown,support_operations,0,4,-4
2026-04-30,Unknown,ux_ui_design,0,1,-1
2026-04-30,VD,data_ai,1,42,-41
2026-04-30,VD,devops_cloud_platform,0,38,-38
2026-04-30,VD,erp_business_systems,0,7,-7
2026-04-30,VD,product_project_analysis,7,63,-56
2026-04-30,VD,qa_testing,2,11,-9
2026-04-30,VD,security,1,14,-13
2026-04-30,VD,software_engineering,10,82,-72
2026-04-30,VD,support_operations,1,17,-16
2026-04-30,VD,ux_ui_design,1,5,-4
2026-04-30,VS,data_ai,0,1,-1
2026-04-30,VS,devops_cloud_platform,0,1,-1
2026-04-30,VS,product_project_analysis,0,2,-2
2026-04-30,VS,qa_testing,0,2,-2
2026-04-30,VS,security,0,1,-1
2026-04-30,VS,software_engineering,0,5,-5
2026-04-30,VS,support_operations,0,1,-1
2026-04-30,ZG,data_ai,0,5,-5
2026-04-30,ZG,devops_cloud_platform,0,13,-13
2026-04-30,ZG,erp_business_systems,0,5,-5
2026-04-30,ZG,product_project_analysis,0,1,-1
2026-04-30,ZG,qa_testing,0,4,-4
2026-04-30,ZG,security,1,11,-10
2026-04-30,ZG,software_engineering,0,17,-17
2026-04-30,ZG,support_operations,0,3,-3
2026-04-30,ZH,data_ai,20,223,-203
2026-04-30,ZH,devops_cloud_platform,37,396,-359
2026-04-30,ZH,erp_business_systems,1,53,-52
2026-04-30,ZH,product_project_analysis,19,232,-213
2026-04-30,ZH,qa_testing,9,74,-65
2026-04-30,ZH,security,14,219,-205
2026-04-30,ZH,software_engineering,54,817,-763
2026-04-30,ZH,support_operations,2,160,-158
2026-04-30,ZH,ux_ui_design,1,12,-11
2026-05-01,LU,software_engineering,1,0,1
2026-05-01,SO,data_ai,1,0,1
2026-05-01,Unknown,software_engineering,1,0,1
2026-05-01,VD,product_project_analysis,1,0,1
2026-05-01,VD,software_engineering,2,0,2
2026-05-01,VD,ux_ui_design,1,0,1
2026-05-01,ZG,devops_cloud_platform,1,0,1
2026-05-01,ZH,data_ai,1,0,1
2026-05-01,ZH,devops_cloud_platform,3,0,3
2026-05-01,ZH,product_project_analysis,1,0,1
2026-05-01,ZH,qa_testing,1,0,1
2026-05-01,ZH,security,2,0,2
2026-05-01,ZH,software_engineering,4,0,4
